Driver,DriverNumber,LapTime,LapNumber,Stint,Sector1Time,Sector2Time,Sector3Time,Compound,TyreLife,Team,Position
RUS,63, 00:01:43.267,1.0,1.0,28.738,33.383,37.566,MEDIUM,2.0,Mercedes,1.0
RUS,63, 00:01:39.077,2.0,1.0,28.368,33.235,37.104,MEDIUM,3.0,Mercedes,1.0
RUS,63, 00:01:38.864,3.0,1.0,28.229,33.152,37.344,MEDIUM,4.0,Mercedes,1.0
RUS,63, 00:01:38.748,4.0,1.0,28.341,32.97,37.549,MEDIUM,5.0,Mercedes,1.0
RUS,63, 00:01:38.136,5.0,1.0,28.217,32.594,37.201,MEDIUM,6.0,Mercedes,1.0
RUS,63, 00:01:38.330,6.0,1.0,28.127,33.033,37.08,MEDIUM,7.0,Mercedes,1.0
RUS,63, 00:01:38.498,7.0,1.0,28.106,33.232,37.139,MEDIUM,8.0,Mercedes,1.0
RUS,63, 00:01:38.353,8.0,1.0,28.174,33.174,37.073,MEDIUM,9.0,Mercedes,1.0
RUS,63, 00:01:38.751,9.0,1.0,28.296,33.293,37.284,MEDIUM,10.0,Mercedes,1.0
RUS,63, 00:01:38.681,10.0,1.0,28.305,33.247,37.138,MEDIUM,11.0,Mercedes,1.0
RUS,63, 00:01:38.689,11.0,1.0,28.363,33.335,37.049,MEDIUM,12.0,Mercedes,1.0
RUS,63, 00:01:43.522,12.0,1.0,44.155,33.385,41.774,MEDIUM,13.0,Mercedes,1.0
RUS,63, 00:01:54.754,13.0,2.0,28.196,33.616,36.983,HARD,2.0,Mercedes,2.0
RUS,63, 00:01:38.296,14.0,2.0,28.212,33.058,37.042,HARD,3.0,Mercedes,1.0
RUS,63, 00:01:38.331,15.0,2.0,28.035,33.012,37.107,HARD,4.0,Mercedes,1.0
RUS,63, 00:01:37.913,16.0,2.0,28.025,32.943,36.935,HARD,5.0,Mercedes,1.0
RUS,63, 00:01:37.869,17.0,2.0,28.028,32.926,36.918,HARD,6.0,Mercedes,1.0
RUS,63, 00:01:37.964,18.0,2.0,28.084,32.974,36.962,HARD,7.0,Mercedes,1.0
RUS,63, 00:01:38.003,19.0,2.0,27.982,32.989,36.93,HARD,8.0,Mercedes,1.0
RUS,63, 00:01:37.733,20.0,2.0,27.868,32.966,36.785,HARD,9.0,Mercedes,1.0
RUS,63, 00:01:37.359,21.0,2.0,27.94,32.675,36.816,HARD,10.0,Mercedes,1.0
RUS,63, 00:01:37.556,22.0,2.0,27.956,32.754,36.862,HARD,11.0,Mercedes,1.0
RUS,63, 00:01:37.730,23.0,2.0,27.961,32.895,36.879,HARD,12.0,Mercedes,1.0
RUS,63, 00:01:37.576,24.0,2.0,27.928,32.736,36.879,HARD,13.0,Mercedes,1.0
RUS,63, 00:01:37.724,25.0,2.0,27.795,32.843,36.953,HARD,14.0,Mercedes,1.0
RUS,63, 00:01:37.467,26.0,2.0,27.811,32.834,36.838,HARD,15.0,Mercedes,1.0
RUS,63, 00:01:37.609,27.0,2.0,27.884,32.964,36.834,HARD,16.0,Mercedes,1.0
RUS,63, 00:01:37.896,28.0,2.0,28.074,33.183,36.829,HARD,17.0,Mercedes,1.0
RUS,63, 00:01:37.556,29.0,2.0,27.92,32.784,36.698,HARD,18.0,Mercedes,1.0
RUS,63, 00:01:37.544,30.0,2.0,27.957,32.88,36.744,HARD,19.0,Mercedes,1.0
RUS,63, 00:01:37.801,31.0,2.0,27.884,33.099,36.745,HARD,20.0,Mercedes,1.0
RUS,63, 00:01:42.229,32.0,2.0,43.646,32.879,41.466,HARD,21.0,Mercedes,1.0
RUS,63, 00:01:53.703,33.0,3.0,28.03,33.163,36.894,HARD,2.0,Mercedes,1.0
RUS,63, 00:01:37.621,34.0,3.0,27.863,32.853,36.738,HARD,3.0,Mercedes,1.0
RUS,63, 00:01:37.246,35.0,3.0,27.877,32.699,36.684,HARD,4.0,Mercedes,1.0
RUS,63, 00:01:37.021,36.0,3.0,27.701,32.526,36.618,HARD,5.0,Mercedes,1.0
RUS,63, 00:01:36.844,37.0,3.0,27.727,32.571,36.572,HARD,6.0,Mercedes,1.0
RUS,63, 00:01:36.407,38.0,3.0,27.625,32.318,36.362,HARD,7.0,Mercedes,1.0
RUS,63, 00:01:36.275,39.0,3.0,27.508,32.313,36.337,HARD,8.0,Mercedes,1.0
RUS,63, 00:01:36.358,40.0,3.0,27.864,32.436,36.414,HARD,9.0,Mercedes,1.0
RUS,63, 00:01:36.559,41.0,3.0,27.64,32.244,36.451,HARD,10.0,Mercedes,1.0
RUS,63, 00:01:36.344,42.0,3.0,27.377,32.252,36.452,HARD,11.0,Mercedes,1.0
RUS,63, 00:01:35.951,43.0,3.0,27.286,32.164,36.41,HARD,12.0,Mercedes,1.0
RUS,63, 00:01:35.946,44.0,3.0,27.342,32.186,36.474,HARD,13.0,Mercedes,1.0
RUS,63, 00:01:36.057,45.0,3.0,27.305,32.301,36.414,HARD,14.0,Mercedes,1.0
RUS,63, 00:01:35.717,46.0,3.0,27.52,31.481,36.418,HARD,15.0,Mercedes,1.0
RUS,63, 00:01:36.360,47.0,3.0,27.685,31.784,36.547,HARD,16.0,Mercedes,1.0
RUS,63, 00:01:36.663,48.0,3.0,27.937,32.411,36.567,HARD,17.0,Mercedes,1.0
RUS,63, 00:01:37.204,49.0,3.0,27.958,32.667,36.6,HARD,18.0,Mercedes,1.0
RUS,63, 00:01:37.867,50.0,3.0,29.367,32.969,36.94,HARD,19.0,Mercedes,1.0
HAM,44, 00:01:49.116,1.0,1.0,28.871,35.485,37.257,MEDIUM,1.0,Mercedes,10.0
HAM,44, 00:01:40.033,2.0,1.0,28.765,33.928,36.738,MEDIUM,2.0,Mercedes,10.0
HAM,44, 00:01:39.403,3.0,1.0,28.913,33.591,36.941,MEDIUM,3.0,Mercedes,10.0
HAM,44, 00:01:39.157,4.0,1.0,28.584,33.635,36.757,MEDIUM,4.0,Mercedes,10.0
HAM,44, 00:01:39.207,5.0,1.0,28.916,33.433,36.861,MEDIUM,5.0,Mercedes,10.0
HAM,44, 00:01:38.648,6.0,1.0,28.856,33.399,36.665,MEDIUM,6.0,Mercedes,9.0
HAM,44, 00:01:40.235,7.0,1.0,29.819,33.66,37.659,MEDIUM,7.0,Mercedes,9.0
HAM,44, 00:01:39.095,8.0,1.0,29.082,33.794,36.445,MEDIUM,8.0,Mercedes,8.0
HAM,44, 00:01:40.926,9.0,1.0,28.382,34.233,36.874,MEDIUM,9.0,Mercedes,5.0
HAM,44, 00:01:40.200,10.0,1.0,28.293,34.403,36.715,MEDIUM,10.0,Mercedes,4.0
HAM,44, 00:01:39.007,11.0,1.0,28.093,33.303,37.322,MEDIUM,11.0,Mercedes,3.0
HAM,44, 00:01:39.078,12.0,1.0,44.152,33.373,37.412,MEDIUM,12.0,Mercedes,2.0
HAM,44, 00:01:43.190,13.0,1.0,28.211,33.448,41.649,MEDIUM,13.0,Mercedes,1.0
HAM,44, 00:01:54.928,14.0,2.0,27.837,34.331,36.445,HARD,2.0,Mercedes,8.0
HAM,44, 00:01:37.772,15.0,2.0,28.064,32.973,36.588,HARD,3.0,Mercedes,7.0
HAM,44, 00:01:37.091,16.0,2.0,27.883,32.943,36.311,HARD,4.0,Mercedes,6.0
HAM,44, 00:01:39.354,17.0,2.0,28.221,34.785,36.505,HARD,5.0,Mercedes,5.0
HAM,44, 00:01:37.668,18.0,2.0,27.757,33.098,36.687,HARD,6.0,Mercedes,5.0
HAM,44, 00:01:38.140,19.0,2.0,27.836,33.137,36.782,HARD,7.0,Mercedes,5.0
HAM,44, 00:01:37.275,20.0,2.0,27.81,32.963,36.555,HARD,8.0,Mercedes,5.0
HAM,44, 00:01:37.355,21.0,2.0,27.819,32.873,36.646,HARD,9.0,Mercedes,5.0
HAM,44, 00:01:37.086,22.0,2.0,27.752,32.827,36.449,HARD,10.0,Mercedes,5.0
HAM,44, 00:01:37.121,23.0,2.0,28.11,32.952,36.35,HARD,11.0,Mercedes,5.0
HAM,44, 00:01:37.323,24.0,2.0,27.806,33.049,36.522,HARD,12.0,Mercedes,5.0
HAM,44, 00:01:38.213,25.0,2.0,28.336,33.248,36.855,HARD,13.0,Mercedes,5.0
HAM,44, 00:01:37.055,26.0,2.0,43.972,32.808,36.441,HARD,14.0,Mercedes,5.0
HAM,44, 00:01:43.830,27.0,2.0,27.497,33.353,42.141,HARD,15.0,Mercedes,5.0
HAM,44, 00:01:52.902,28.0,3.0,27.623,32.501,36.429,HARD,2.0,Mercedes,6.0
HAM,44, 00:01:36.951,29.0,3.0,27.615,32.895,36.559,HARD,3.0,Mercedes,5.0
HAM,44, 00:01:36.748,30.0,3.0,27.654,32.444,36.681,HARD,4.0,Mercedes,5.0
HAM,44, 00:01:36.412,31.0,3.0,27.776,32.608,36.189,HARD,5.0,Mercedes,3.0
HAM,44, 00:01:36.960,32.0,3.0,27.503,32.535,36.771,HARD,6.0,Mercedes,2.0
HAM,44, 00:01:37.293,33.0,3.0,27.461,32.702,36.815,HARD,7.0,Mercedes,2.0
HAM,44, 00:01:36.685,34.0,3.0,27.576,32.496,36.686,HARD,8.0,Mercedes,2.0
HAM,44, 00:01:36.397,35.0,3.0,27.432,32.399,36.537,HARD,9.0,Mercedes,2.0
HAM,44, 00:01:36.288,36.0,3.0,27.307,32.313,36.399,HARD,10.0,Mercedes,2.0
HAM,44, 00:01:36.177,37.0,3.0,27.222,32.365,36.38,HARD,11.0,Mercedes,2.0
HAM,44, 00:01:36.148,38.0,3.0,27.203,32.407,36.434,HARD,12.0,Mercedes,2.0
HAM,44, 00:01:35.880,39.0,3.0,27.224,32.265,36.393,HARD,13.0,Mercedes,2.0
HAM,44, 00:01:35.928,40.0,3.0,27.416,32.36,36.365,HARD,14.0,Mercedes,2.0
HAM,44, 00:01:35.480,41.0,3.0,27.322,32.01,36.246,HARD,15.0,Mercedes,2.0
HAM,44, 00:01:35.884,42.0,3.0,27.175,32.269,36.199,HARD,16.0,Mercedes,2.0
HAM,44, 00:01:35.863,43.0,3.0,27.189,32.484,36.057,HARD,17.0,Mercedes,2.0
HAM,44, 00:01:35.662,44.0,3.0,27.327,32.161,36.326,HARD,18.0,Mercedes,2.0
HAM,44, 00:01:35.988,45.0,3.0,27.452,32.368,36.431,HARD,19.0,Mercedes,2.0
HAM,44, 00:01:35.877,46.0,3.0,27.976,31.86,36.176,HARD,20.0,Mercedes,2.0
HAM,44, 00:01:37.086,47.0,3.0,27.868,33.052,36.582,HARD,21.0,Mercedes,2.0
HAM,44, 00:01:37.457,48.0,3.0,28.003,32.921,36.56,HARD,22.0,Mercedes,2.0
HAM,44, 00:01:37.593,49.0,3.0,28.957,33.142,36.583,HARD,23.0,Mercedes,2.0
HAM,44, 00:01:38.117,50.0,3.0,28.46,33.322,36.792,HARD,24.0,Mercedes,2.0
SAI,55, 00:01:44.812,1.0,1.0,28.249,33.928,37.359,MEDIUM,1.0,Ferrari,3.0
SAI,55, 00:01:39.466,2.0,1.0,28.344,33.526,36.983,MEDIUM,2.0,Ferrari,3.0
SAI,55, 00:01:38.581,3.0,1.0,28.476,33.303,36.818,MEDIUM,3.0,Ferrari,3.0
SAI,55, 00:01:38.537,4.0,1.0,28.421,33.28,37.008,MEDIUM,4.0,Ferrari,3.0
SAI,55, 00:01:38.394,5.0,1.0,28.653,33.263,36.787,MEDIUM,5.0,Ferrari,3.0
SAI,55, 00:01:38.708,6.0,1.0,28.667,33.5,36.732,MEDIUM,6.0,Ferrari,3.0
SAI,55, 00:01:39.042,7.0,1.0,29.049,33.683,36.938,MEDIUM,7.0,Ferrari,2.0
SAI,55, 00:01:39.584,8.0,1.0,44.285,33.609,37.322,MEDIUM,8.0,Ferrari,2.0
SAI,55, 00:01:40.512,9.0,1.0,29.112,34.278,37.567,MEDIUM,9.0,Ferrari,2.0
SAI,55, 00:01:46.562,10.0,1.0,28.851,34.803,42.71,MEDIUM,10.0,Ferrari,3.0
SAI,55, 00:01:54.659,11.0,2.0,27.9,33.688,36.686,HARD,1.0,Ferrari,11.0
SAI,55, 00:01:40.794,12.0,2.0,28.179,34.863,36.819,HARD,2.0,Ferrari,8.0
SAI,55, 00:01:39.627,13.0,2.0,28.374,34.472,36.304,HARD,3.0,Ferrari,6.0
SAI,55, 00:01:37.921,14.0,2.0,27.977,33.284,36.737,HARD,4.0,Ferrari,4.0
SAI,55, 00:01:38.220,15.0,2.0,28.257,33.3,36.741,HARD,5.0,Ferrari,4.0
SAI,55, 00:01:38.868,16.0,2.0,27.989,34.015,36.479,HARD,6.0,Ferrari,3.0
SAI,55, 00:01:37.967,17.0,2.0,27.868,33.244,36.746,HARD,7.0,Ferrari,3.0
SAI,55, 00:01:38.076,18.0,2.0,27.917,33.121,36.698,HARD,8.0,Ferrari,3.0
SAI,55, 00:01:37.763,19.0,2.0,27.756,33.162,36.612,HARD,9.0,Ferrari,3.0
SAI,55, 00:01:37.774,20.0,2.0,27.945,33.259,36.647,HARD,10.0,Ferrari,3.0
SAI,55, 00:01:37.546,21.0,2.0,27.906,32.942,36.687,HARD,11.0,Ferrari,3.0
SAI,55, 00:01:37.514,22.0,2.0,28.118,33.082,36.676,HARD,12.0,Ferrari,3.0
SAI,55, 00:01:37.477,23.0,2.0,28.022,33.053,36.479,HARD,13.0,Ferrari,3.0
SAI,55, 00:01:37.919,24.0,2.0,28.367,33.281,36.732,HARD,14.0,Ferrari,3.0
SAI,55, 00:01:37.944,25.0,2.0,29.544,33.259,36.567,HARD,15.0,Ferrari,3.0
SAI,55, 00:01:38.321,26.0,2.0,43.538,33.407,36.892,HARD,16.0,Ferrari,3.0
SAI,55, 00:01:41.611,27.0,2.0,27.882,33.466,39.778,HARD,17.0,Ferrari,4.0
SAI,55, 00:01:43.655,28.0,2.0,27.797,33.371,40.74,HARD,18.0,Ferrari,3.0
SAI,55, 00:01:53.088,29.0,3.0,27.94,32.895,36.655,HARD,1.0,Ferrari,6.0
SAI,55, 00:01:37.353,30.0,3.0,27.892,32.762,36.709,HARD,2.0,Ferrari,6.0
SAI,55, 00:01:36.973,31.0,3.0,27.74,32.65,36.526,HARD,3.0,Ferrari,5.0
SAI,55, 00:01:37.397,32.0,3.0,27.678,32.939,36.518,HARD,4.0,Ferrari,4.0
SAI,55, 00:01:37.524,33.0,3.0,27.598,32.993,36.639,HARD,5.0,Ferrari,4.0
SAI,55, 00:01:37.146,34.0,3.0,27.557,32.889,36.517,HARD,6.0,Ferrari,4.0
SAI,55, 00:01:36.641,35.0,3.0,27.607,32.744,36.219,HARD,7.0,Ferrari,4.0
SAI,55, 00:01:36.519,36.0,3.0,27.642,32.659,36.262,HARD,8.0,Ferrari,4.0
SAI,55, 00:01:36.509,37.0,3.0,27.486,32.742,36.21,HARD,9.0,Ferrari,4.0
SAI,55, 00:01:36.125,38.0,3.0,27.579,32.325,36.193,HARD,10.0,Ferrari,4.0
SAI,55, 00:01:36.196,39.0,3.0,27.494,32.452,36.102,HARD,11.0,Ferrari,4.0
SAI,55, 00:01:36.043,40.0,3.0,27.483,32.417,36.14,HARD,12.0,Ferrari,4.0
SAI,55, 00:01:36.507,41.0,3.0,27.246,32.837,36.091,HARD,13.0,Ferrari,3.0
SAI,55, 00:01:36.223,42.0,3.0,27.501,32.393,36.336,HARD,14.0,Ferrari,3.0
SAI,55, 00:01:36.302,43.0,3.0,27.399,32.4,36.419,HARD,15.0,Ferrari,3.0
SAI,55, 00:01:35.875,44.0,3.0,27.363,32.321,36.308,HARD,16.0,Ferrari,3.0
SAI,55, 00:01:36.340,45.0,3.0,27.396,32.642,36.197,HARD,17.0,Ferrari,3.0
SAI,55, 00:01:36.139,46.0,3.0,27.456,31.926,36.299,HARD,18.0,Ferrari,3.0
SAI,55, 00:01:35.880,47.0,3.0,27.776,32.253,36.264,HARD,19.0,Ferrari,3.0
SAI,55, 00:01:36.015,48.0,3.0,29.011,32.326,36.293,HARD,20.0,Ferrari,3.0
SAI,55, 00:01:36.467,49.0,3.0,28.291,32.474,36.537,HARD,21.0,Ferrari,3.0
SAI,55, 00:01:36.759,50.0,3.0,28.652,32.826,36.157,HARD,22.0,Ferrari,3.0
LEC,16, 00:01:43.882,1.0,1.0,29.049,33.67,37.251,MEDIUM,1.0,Ferrari,2.0
LEC,16, 00:01:39.333,2.0,1.0,28.48,33.345,36.977,MEDIUM,2.0,Ferrari,2.0
LEC,16, 00:01:38.329,3.0,1.0,28.422,33.222,36.816,MEDIUM,3.0,Ferrari,2.0
LEC,16, 00:01:38.501,4.0,1.0,29.279,32.902,36.947,MEDIUM,4.0,Ferrari,2.0
LEC,16, 00:01:39.177,5.0,1.0,29.892,33.05,37.078,MEDIUM,5.0,Ferrari,2.0
LEC,16, 00:01:38.652,6.0,1.0,44.127,33.213,36.959,MEDIUM,6.0,Ferrari,2.0
LEC,16, 00:01:40.006,7.0,1.0,28.753,33.748,37.836,MEDIUM,7.0,Ferrari,3.0
LEC,16, 00:01:41.841,8.0,1.0,28.389,34.579,37.983,MEDIUM,8.0,Ferrari,4.0
LEC,16, 00:01:47.546,9.0,1.0,28.755,34.857,42.797,MEDIUM,9.0,Ferrari,7.0
LEC,16, 00:01:54.299,10.0,2.0,28.584,33.268,36.904,HARD,1.0,Ferrari,16.0
LEC,16, 00:01:38.818,11.0,2.0,28.399,33.311,36.754,HARD,2.0,Ferrari,12.0
LEC,16, 00:01:39.962,12.0,2.0,28.208,34.418,37.155,HARD,3.0,Ferrari,10.0
LEC,16, 00:01:39.948,13.0,2.0,28.748,34.291,36.902,HARD,4.0,Ferrari,7.0
LEC,16, 00:01:38.893,14.0,2.0,28.411,33.386,36.923,HARD,5.0,Ferrari,6.0
LEC,16, 00:01:38.237,15.0,2.0,28.135,33.073,36.765,HARD,6.0,Ferrari,5.0
LEC,16, 00:01:38.316,16.0,2.0,27.927,33.388,36.72,HARD,7.0,Ferrari,5.0
LEC,16, 00:01:39.487,17.0,2.0,27.955,33.94,36.799,HARD,8.0,Ferrari,4.0
LEC,16, 00:01:38.251,18.0,2.0,27.891,33.228,36.612,HARD,9.0,Ferrari,4.0
LEC,16, 00:01:37.978,19.0,2.0,27.898,33.199,36.644,HARD,10.0,Ferrari,4.0
LEC,16, 00:01:37.295,20.0,2.0,27.89,32.883,36.485,HARD,11.0,Ferrari,4.0
LEC,16, 00:01:37.448,21.0,2.0,28.0,32.711,36.782,HARD,12.0,Ferrari,4.0
LEC,16, 00:01:37.130,22.0,2.0,28.128,32.783,36.456,HARD,13.0,Ferrari,4.0
LEC,16, 00:01:37.177,23.0,2.0,28.635,32.869,36.41,HARD,14.0,Ferrari,4.0
LEC,16, 00:01:37.256,24.0,2.0,28.158,32.926,36.44,HARD,15.0,Ferrari,4.0
LEC,16, 00:01:37.291,25.0,2.0,28.138,32.958,36.333,HARD,16.0,Ferrari,4.0
LEC,16, 00:01:37.933,26.0,2.0,28.234,33.135,36.67,HARD,17.0,Ferrari,4.0
LEC,16, 00:01:38.698,27.0,2.0,28.237,33.365,36.698,HARD,18.0,Ferrari,2.0
LEC,16, 00:01:38.070,28.0,2.0,44.857,33.224,36.688,HARD,19.0,Ferrari,2.0
LEC,16, 00:01:37.950,29.0,2.0,28.297,33.095,36.717,HARD,20.0,Ferrari,2.0
LEC,16, 00:01:38.458,30.0,2.0,27.838,33.401,36.823,HARD,21.0,Ferrari,2.0
LEC,16, 00:01:42.968,31.0,2.0,27.739,33.272,41.459,HARD,22.0,Ferrari,2.0
LEC,16, 00:01:55.014,32.0,3.0,27.637,33.523,36.634,HARD,1.0,Ferrari,5.0
LEC,16, 00:01:38.017,33.0,3.0,27.734,33.043,36.677,HARD,2.0,Ferrari,5.0
LEC,16, 00:01:37.081,34.0,3.0,27.562,32.912,36.331,HARD,3.0,Ferrari,5.0
LEC,16, 00:01:36.481,35.0,3.0,27.811,32.571,36.171,HARD,4.0,Ferrari,5.0
LEC,16, 00:01:36.285,36.0,3.0,27.381,32.515,36.133,HARD,5.0,Ferrari,5.0
LEC,16, 00:01:36.177,37.0,3.0,27.683,32.485,35.958,HARD,6.0,Ferrari,5.0
LEC,16, 00:01:36.079,38.0,3.0,28.161,32.399,36.118,HARD,7.0,Ferrari,5.0
LEC,16, 00:01:36.102,39.0,3.0,27.758,32.295,35.996,HARD,8.0,Ferrari,5.0
LEC,16, 00:01:35.674,40.0,3.0,27.85,32.254,36.039,HARD,9.0,Ferrari,5.0
LEC,16, 00:01:36.469,41.0,3.0,27.647,32.855,35.931,HARD,10.0,Ferrari,5.0
LEC,16, 00:01:36.873,42.0,3.0,28.033,32.722,35.99,HARD,11.0,Ferrari,5.0
LEC,16, 00:01:36.055,43.0,3.0,27.445,32.518,35.779,HARD,12.0,Ferrari,5.0
LEC,16, 00:01:36.543,44.0,3.0,27.54,32.602,36.091,HARD,13.0,Ferrari,5.0
LEC,16, 00:01:36.031,45.0,3.0,27.682,31.964,35.91,HARD,14.0,Ferrari,5.0
LEC,16, 00:01:36.333,46.0,3.0,27.645,31.943,35.846,HARD,15.0,Ferrari,4.0
LEC,16, 00:01:36.054,47.0,3.0,29.082,32.276,36.333,HARD,16.0,Ferrari,4.0
LEC,16, 00:01:36.065,48.0,3.0,28.787,32.327,36.198,HARD,17.0,Ferrari,4.0
LEC,16, 00:01:36.571,49.0,3.0,28.534,32.602,36.287,HARD,18.0,Ferrari,4.0
LEC,16, 00:01:37.218,50.0,3.0,28.26,33.291,36.282,HARD,19.0,Ferrari,4.0
VER,1, 00:01:45.917,1.0,1.0,28.399,34.022,37.425,MEDIUM,1.0,Red Bull Racing,5.0
VER,1, 00:01:39.861,2.0,1.0,28.416,33.747,37.032,MEDIUM,2.0,Red Bull Racing,5.0
VER,1, 00:01:39.345,3.0,1.0,28.37,33.51,37.048,MEDIUM,3.0,Red Bull Racing,5.0
VER,1, 00:01:38.713,4.0,1.0,28.592,33.227,36.952,MEDIUM,4.0,Red Bull Racing,4.0
VER,1, 00:01:38.472,5.0,1.0,28.569,32.914,37.298,MEDIUM,5.0,Red Bull Racing,4.0
VER,1, 00:01:38.661,6.0,1.0,28.87,33.201,37.061,MEDIUM,6.0,Red Bull Racing,4.0
VER,1, 00:01:38.906,7.0,1.0,44.055,33.306,37.184,MEDIUM,7.0,Red Bull Racing,4.0
VER,1, 00:01:39.047,8.0,1.0,28.313,33.78,36.897,MEDIUM,8.0,Red Bull Racing,3.0
VER,1, 00:01:39.790,9.0,1.0,28.388,33.765,37.433,MEDIUM,9.0,Red Bull Racing,3.0
VER,1, 00:01:40.064,10.0,1.0,28.255,34.393,37.102,MEDIUM,10.0,Red Bull Racing,2.0
VER,1, 00:01:44.351,11.0,1.0,28.206,33.837,41.644,MEDIUM,11.0,Red Bull Racing,2.0
VER,1, 00:01:55.018,12.0,2.0,27.967,34.04,36.923,HARD,1.0,Red Bull Racing,5.0
VER,1, 00:01:38.307,13.0,2.0,28.03,32.988,37.006,HARD,2.0,Red Bull Racing,5.0
VER,1, 00:01:38.376,14.0,2.0,28.04,33.08,36.908,HARD,3.0,Red Bull Racing,3.0
VER,1, 00:01:38.648,15.0,2.0,27.906,33.435,36.958,HARD,4.0,Red Bull Racing,2.0
VER,1, 00:01:38.563,16.0,2.0,27.902,33.255,37.102,HARD,5.0,Red Bull Racing,2.0
VER,1, 00:01:38.055,17.0,2.0,27.902,33.041,37.047,HARD,6.0,Red Bull Racing,2.0
VER,1, 00:01:37.956,18.0,2.0,27.885,32.803,37.123,HARD,7.0,Red Bull Racing,2.0
VER,1, 00:01:37.678,19.0,2.0,27.859,32.763,36.875,HARD,8.0,Red Bull Racing,2.0
VER,1, 00:01:37.846,20.0,2.0,28.019,32.981,36.959,HARD,9.0,Red Bull Racing,2.0
VER,1, 00:01:37.590,21.0,2.0,28.083,32.732,36.956,HARD,10.0,Red Bull Racing,2.0
VER,1, 00:01:37.679,22.0,2.0,28.206,32.843,36.934,HARD,11.0,Red Bull Racing,2.0
VER,1, 00:01:37.524,23.0,2.0,44.89,32.798,36.841,HARD,12.0,Red Bull Racing,2.0
VER,1, 00:01:37.695,24.0,2.0,27.921,32.862,36.974,HARD,13.0,Red Bull Racing,2.0
VER,1, 00:01:38.038,25.0,2.0,28.033,32.968,37.051,HARD,14.0,Red Bull Racing,2.0
VER,1, 00:01:38.362,26.0,2.0,27.861,33.165,37.114,HARD,15.0,Red Bull Racing,2.0
VER,1, 00:01:43.108,27.0,2.0,27.956,33.54,41.362,HARD,16.0,Red Bull Racing,3.0
VER,1, 00:01:54.746,28.0,3.0,27.946,32.986,36.87,HARD,1.0,Red Bull Racing,5.0
VER,1, 00:01:37.386,29.0,3.0,27.885,32.573,36.892,HARD,2.0,Red Bull Racing,4.0
VER,1, 00:01:37.549,30.0,3.0,27.87,32.597,36.919,HARD,3.0,Red Bull Racing,3.0
VER,1, 00:01:37.996,31.0,3.0,27.769,32.81,37.325,HARD,4.0,Red Bull Racing,4.0
VER,1, 00:01:37.714,32.0,3.0,27.711,32.878,36.88,HARD,5.0,Red Bull Racing,3.0
VER,1, 00:01:37.579,33.0,3.0,27.736,32.971,36.662,HARD,6.0,Red Bull Racing,3.0
VER,1, 00:01:37.484,34.0,3.0,27.506,32.85,36.749,HARD,7.0,Red Bull Racing,3.0
VER,1, 00:01:37.243,35.0,3.0,27.546,32.72,36.653,HARD,8.0,Red Bull Racing,3.0
VER,1, 00:01:37.001,36.0,3.0,27.908,32.715,36.517,HARD,9.0,Red Bull Racing,3.0
VER,1, 00:01:36.720,37.0,3.0,27.727,32.599,36.41,HARD,10.0,Red Bull Racing,3.0
VER,1, 00:01:36.979,38.0,3.0,27.492,32.713,36.53,HARD,11.0,Red Bull Racing,3.0
VER,1, 00:01:36.344,39.0,3.0,27.538,32.354,36.484,HARD,12.0,Red Bull Racing,3.0
VER,1, 00:01:36.495,40.0,3.0,27.569,32.278,36.671,HARD,13.0,Red Bull Racing,3.0
VER,1, 00:01:37.522,41.0,3.0,27.674,32.364,37.25,HARD,14.0,Red Bull Racing,4.0
VER,1, 00:01:36.489,42.0,3.0,27.759,32.492,36.27,HARD,15.0,Red Bull Racing,4.0
VER,1, 00:01:36.248,43.0,3.0,27.699,32.53,36.226,HARD,16.0,Red Bull Racing,4.0
VER,1, 00:01:36.279,44.0,3.0,27.906,32.421,36.32,HARD,17.0,Red Bull Racing,4.0
VER,1, 00:01:36.394,45.0,3.0,27.794,32.514,36.311,HARD,18.0,Red Bull Racing,4.0
VER,1, 00:01:36.929,46.0,3.0,29.126,31.948,36.794,HARD,19.0,Red Bull Racing,5.0
VER,1, 00:01:36.736,47.0,3.0,28.648,32.665,36.312,HARD,20.0,Red Bull Racing,5.0
VER,1, 00:01:36.922,48.0,3.0,28.537,32.714,36.509,HARD,21.0,Red Bull Racing,5.0
VER,1, 00:01:37.016,49.0,3.0,28.766,32.669,36.441,HARD,22.0,Red Bull Racing,5.0
VER,1, 00:01:37.210,50.0,3.0,28.642,32.918,36.498,HARD,23.0,Red Bull Racing,5.0
NOR,4, 00:01:46.792,1.0,1.0,28.92,34.55,37.361,MEDIUM,1.0,McLaren,6.0
NOR,4, 00:01:39.907,2.0,1.0,28.882,33.696,37.085,MEDIUM,2.0,McLaren,6.0
NOR,4, 00:01:39.197,3.0,1.0,29.166,33.537,37.012,MEDIUM,3.0,McLaren,6.0
NOR,4, 00:01:39.094,4.0,1.0,43.765,33.489,37.068,MEDIUM,4.0,McLaren,6.0
NOR,4, 00:01:39.490,5.0,1.0,28.147,33.582,37.142,MEDIUM,5.0,McLaren,6.0
NOR,4, 00:01:38.848,6.0,1.0,28.568,33.237,36.969,MEDIUM,6.0,McLaren,6.0
NOR,4, 00:01:39.716,7.0,1.0,29.053,33.69,37.106,MEDIUM,7.0,McLaren,6.0
NOR,4, 00:01:40.573,8.0,1.0,29.271,33.983,37.708,MEDIUM,8.0,McLaren,5.0
NOR,4, 00:01:45.240,9.0,1.0,28.489,34.15,41.924,MEDIUM,9.0,McLaren,10.0
NOR,4, 00:01:54.247,10.0,2.0,28.041,33.492,36.99,HARD,1.0,McLaren,17.0
NOR,4, 00:01:37.795,11.0,2.0,28.699,33.118,36.53,HARD,2.0,McLaren,14.0
NOR,4, 00:01:39.909,12.0,2.0,28.141,34.051,37.29,HARD,3.0,McLaren,11.0
NOR,4, 00:01:40.365,13.0,2.0,28.182,34.207,37.105,HARD,4.0,McLaren,9.0
NOR,4, 00:01:39.798,14.0,2.0,28.296,33.525,37.002,HARD,5.0,McLaren,7.0
NOR,4, 00:01:38.236,15.0,2.0,28.219,32.988,36.759,HARD,6.0,McLaren,6.0
NOR,4, 00:01:38.165,16.0,2.0,28.201,32.985,37.139,HARD,7.0,McLaren,7.0
NOR,4, 00:01:39.928,17.0,2.0,28.148,34.227,37.002,HARD,8.0,McLaren,6.0
NOR,4, 00:01:38.152,18.0,2.0,28.061,33.106,36.905,HARD,9.0,McLaren,6.0
NOR,4, 00:01:38.232,19.0,2.0,28.038,33.218,36.832,HARD,10.0,McLaren,6.0
NOR,4, 00:01:38.166,20.0,2.0,28.196,33.157,36.713,HARD,11.0,McLaren,6.0
NOR,4, 00:01:38.140,21.0,2.0,28.301,33.168,36.753,HARD,12.0,McLaren,6.0
NOR,4, 00:01:38.444,22.0,2.0,28.409,33.394,36.849,HARD,13.0,McLaren,6.0
NOR,4, 00:01:38.283,23.0,2.0,28.393,33.467,36.668,HARD,14.0,McLaren,6.0
NOR,4, 00:01:38.434,24.0,2.0,29.135,33.513,36.86,HARD,15.0,McLaren,6.0
NOR,4, 00:01:38.529,25.0,2.0,43.248,33.762,36.729,HARD,16.0,McLaren,6.0
NOR,4, 00:01:38.819,26.0,2.0,28.269,33.754,36.869,HARD,17.0,McLaren,6.0
NOR,4, 00:01:38.795,27.0,2.0,28.27,33.751,36.743,HARD,18.0,McLaren,6.0
NOR,4, 00:01:38.892,28.0,2.0,28.073,33.654,36.829,HARD,19.0,McLaren,4.0
NOR,4, 00:01:39.050,29.0,2.0,28.003,33.753,36.904,HARD,20.0,McLaren,3.0
NOR,4, 00:01:44.646,30.0,2.0,27.711,33.987,41.524,HARD,21.0,McLaren,4.0
NOR,4, 00:01:53.261,31.0,3.0,27.74,33.252,36.761,HARD,1.0,McLaren,7.0
NOR,4, 00:01:37.649,32.0,3.0,27.582,32.754,36.626,HARD,2.0,McLaren,7.0
NOR,4, 00:01:37.886,33.0,3.0,27.362,32.985,36.631,HARD,3.0,McLaren,6.0
NOR,4, 00:01:37.587,34.0,3.0,27.241,32.918,36.596,HARD,4.0,McLaren,6.0
NOR,4, 00:01:37.355,35.0,3.0,27.31,32.908,36.444,HARD,5.0,McLaren,6.0
NOR,4, 00:01:36.845,36.0,3.0,27.326,32.834,36.3,HARD,6.0,McLaren,6.0
NOR,4, 00:01:36.473,37.0,3.0,27.176,32.558,36.175,HARD,7.0,McLaren,6.0
NOR,4, 00:01:36.447,38.0,3.0,27.169,32.596,36.269,HARD,8.0,McLaren,6.0
NOR,4, 00:01:36.237,39.0,3.0,27.602,32.647,36.228,HARD,9.0,McLaren,6.0
NOR,4, 00:01:35.843,40.0,3.0,27.356,32.397,36.205,HARD,10.0,McLaren,6.0
NOR,4, 00:01:35.983,41.0,3.0,27.352,32.433,36.24,HARD,11.0,McLaren,6.0
NOR,4, 00:01:35.601,42.0,3.0,27.676,32.08,36.195,HARD,12.0,McLaren,6.0
NOR,4, 00:01:35.876,43.0,3.0,42.606,32.292,36.408,HARD,13.0,McLaren,6.0
NOR,4, 00:01:35.527,44.0,3.0,26.777,32.296,36.062,HARD,14.0,McLaren,6.0
NOR,4, 00:01:36.363,45.0,3.0,29.645,32.494,36.267,HARD,15.0,McLaren,6.0
NOR,4, 00:01:36.006,46.0,3.0,28.632,32.306,36.344,HARD,16.0,McLaren,6.0
NOR,4, 00:01:36.445,47.0,3.0,28.487,32.721,36.372,HARD,17.0,McLaren,6.0
NOR,4, 00:01:40.900,48.0,3.0,28.594,32.35,40.874,HARD,18.0,McLaren,6.0
NOR,4, 00:01:52.312,49.0,4.0,28.599,32.626,37.08,SOFT,5.0,McLaren,6.0
NOR,4, 00:01:34.876,50.0,4.0,28.661,31.506,36.089,SOFT,6.0,McLaren,6.0
PIA,81, 00:01:48.433,1.0,1.0,28.718,35.155,37.443,MEDIUM,1.0,McLaren,8.0
PIA,81, 00:01:40.495,2.0,1.0,29.485,33.94,36.91,MEDIUM,2.0,McLaren,9.0
PIA,81, 00:01:39.144,3.0,1.0,29.305,33.531,36.981,MEDIUM,3.0,McLaren,9.0
PIA,81, 00:01:39.226,4.0,1.0,50.692,33.63,37.109,MEDIUM,4.0,McLaren,9.0
PIA,81, 00:01:39.010,5.0,1.0,28.131,33.607,36.809,MEDIUM,5.0,McLaren,8.0
PIA,81, 00:01:39.097,6.0,1.0,27.842,33.498,37.0,MEDIUM,6.0,McLaren,8.0
PIA,81, 00:01:40.118,7.0,1.0,28.834,33.86,37.597,MEDIUM,7.0,McLaren,8.0
PIA,81, 00:01:40.351,8.0,1.0,28.349,33.891,37.742,MEDIUM,8.0,McLaren,9.0
PIA,81, 00:01:41.986,9.0,1.0,28.768,34.749,37.752,MEDIUM,9.0,McLaren,8.0
PIA,81, 00:01:45.430,10.0,1.0,29.024,34.356,41.769,MEDIUM,10.0,McLaren,11.0
PIA,81, 00:02:01.018,11.0,2.0,28.203,33.325,37.001,HARD,1.0,McLaren,18.0
PIA,81, 00:01:38.137,12.0,2.0,28.258,33.117,36.889,HARD,2.0,McLaren,16.0
PIA,81, 00:01:37.942,13.0,2.0,28.172,33.246,36.854,HARD,3.0,McLaren,15.0
PIA,81, 00:01:38.850,14.0,2.0,28.159,33.308,36.708,HARD,4.0,McLaren,15.0
PIA,81, 00:01:38.556,15.0,2.0,28.333,33.582,36.625,HARD,5.0,McLaren,12.0
PIA,81, 00:01:39.691,16.0,2.0,28.39,34.131,36.792,HARD,6.0,McLaren,10.0
PIA,81, 00:01:39.280,17.0,2.0,28.458,33.369,36.887,HARD,7.0,McLaren,9.0
PIA,81, 00:01:38.127,18.0,2.0,28.582,32.985,36.939,HARD,8.0,McLaren,8.0
PIA,81, 00:01:38.439,19.0,2.0,43.705,33.328,36.853,HARD,9.0,McLaren,8.0
PIA,81, 00:01:38.301,20.0,2.0,28.352,33.479,36.65,HARD,10.0,McLaren,8.0
PIA,81, 00:01:38.458,21.0,2.0,28.464,33.418,36.881,HARD,11.0,McLaren,8.0
PIA,81, 00:01:39.050,22.0,2.0,28.009,33.654,37.063,HARD,12.0,McLaren,8.0
PIA,81, 00:01:38.849,23.0,2.0,28.274,33.621,36.838,HARD,13.0,McLaren,8.0
PIA,81, 00:01:39.168,24.0,2.0,28.469,33.964,36.746,HARD,14.0,McLaren,8.0
PIA,81, 00:01:43.929,25.0,2.0,28.28,34.137,41.21,HARD,15.0,McLaren,9.0
PIA,81, 00:01:54.146,26.0,3.0,28.489,33.728,36.713,HARD,1.0,McLaren,14.0
PIA,81, 00:01:37.906,27.0,3.0,28.168,33.061,36.493,HARD,2.0,McLaren,14.0
PIA,81, 00:01:38.108,28.0,3.0,27.995,33.14,36.504,HARD,3.0,McLaren,13.0
PIA,81, 00:01:37.582,29.0,3.0,27.828,33.098,36.475,HARD,4.0,McLaren,13.0
PIA,81, 00:01:38.110,30.0,3.0,27.844,33.436,36.4,HARD,5.0,McLaren,11.0
PIA,81, 00:01:38.356,31.0,3.0,28.139,33.007,36.88,HARD,6.0,McLaren,10.0
PIA,81, 00:01:38.495,32.0,3.0,27.756,33.849,36.366,HARD,7.0,McLaren,9.0
PIA,81, 00:01:38.689,33.0,3.0,27.941,33.322,36.878,HARD,8.0,McLaren,8.0
PIA,81, 00:01:37.841,34.0,3.0,27.96,33.025,36.648,HARD,9.0,McLaren,7.0
PIA,81, 00:01:37.431,35.0,3.0,27.913,33.023,36.413,HARD,10.0,McLaren,7.0
PIA,81, 00:01:37.201,36.0,3.0,27.797,32.8,36.573,HARD,11.0,McLaren,7.0
PIA,81, 00:01:36.740,37.0,3.0,27.548,32.586,36.31,HARD,12.0,McLaren,7.0
PIA,81, 00:01:37.607,38.0,3.0,27.636,32.943,36.525,HARD,13.0,McLaren,7.0
PIA,81, 00:01:37.144,39.0,3.0,27.757,32.824,36.564,HARD,14.0,McLaren,7.0
PIA,81, 00:01:37.586,40.0,3.0,27.678,32.969,36.676,HARD,15.0,McLaren,7.0
PIA,81, 00:01:37.188,41.0,3.0,28.103,32.278,36.438,HARD,16.0,McLaren,7.0
PIA,81, 00:01:37.295,42.0,3.0,27.829,32.858,36.524,HARD,17.0,McLaren,7.0
PIA,81, 00:01:37.097,43.0,3.0,27.964,32.891,36.409,HARD,18.0,McLaren,7.0
PIA,81, 00:01:36.598,44.0,3.0,28.808,32.757,36.293,HARD,19.0,McLaren,7.0
PIA,81, 00:01:37.089,45.0,3.0,28.65,32.944,36.509,HARD,20.0,McLaren,7.0
PIA,81, 00:01:37.047,46.0,3.0,28.543,32.872,36.418,HARD,21.0,McLaren,7.0
PIA,81, 00:01:37.122,47.0,3.0,28.851,33.029,36.415,HARD,22.0,McLaren,7.0
PIA,81, 00:01:37.847,48.0,3.0,29.71,33.198,36.546,HARD,23.0,McLaren,7.0
PIA,81, 00:01:37.752,49.0,3.0,28.801,33.317,36.606,HARD,24.0,McLaren,7.0
PIA,81, 00:01:38.272,50.0,3.0,29.092,33.596,36.712,HARD,25.0,McLaren,7.0
HUL,27, 00:01:48.675,1.0,1.0,29.288,35.533,37.228,MEDIUM,1.0,Haas F1 Team,9.0
HUL,27, 00:01:39.760,2.0,1.0,29.278,33.929,37.023,MEDIUM,2.0,Haas F1 Team,8.0
HUL,27, 00:01:39.073,3.0,1.0,29.189,33.437,36.986,MEDIUM,3.0,Haas F1 Team,8.0
HUL,27, 00:01:38.998,4.0,1.0,29.273,33.548,36.907,MEDIUM,4.0,Haas F1 Team,8.0
HUL,27, 00:01:40.092,5.0,1.0,29.131,33.705,37.536,MEDIUM,5.0,Haas F1 Team,9.0
HUL,27, 00:01:40.615,6.0,1.0,29.531,33.938,36.967,MEDIUM,6.0,Haas F1 Team,10.0
HUL,27, 00:01:39.687,7.0,1.0,44.567,33.728,37.158,MEDIUM,7.0,Haas F1 Team,10.0
HUL,27, 00:01:40.577,8.0,1.0,28.512,34.208,37.277,MEDIUM,8.0,Haas F1 Team,10.0
HUL,27, 00:01:40.925,9.0,1.0,28.143,34.207,37.43,MEDIUM,9.0,Haas F1 Team,9.0
HUL,27, 00:01:40.934,10.0,1.0,28.236,34.388,37.268,MEDIUM,10.0,Haas F1 Team,5.0
HUL,27, 00:01:40.865,11.0,1.0,28.562,34.159,37.517,MEDIUM,11.0,Haas F1 Team,4.0
HUL,27, 00:01:40.972,12.0,1.0,28.029,34.18,37.519,MEDIUM,12.0,Haas F1 Team,3.0
HUL,27, 00:01:41.171,13.0,1.0,28.299,34.162,37.878,MEDIUM,13.0,Haas F1 Team,4.0
HUL,27, 00:01:46.441,14.0,1.0,28.206,34.721,42.189,MEDIUM,14.0,Haas F1 Team,5.0
HUL,27, 00:01:55.523,15.0,2.0,28.282,33.654,37.302,HARD,1.0,Haas F1 Team,15.0
HUL,27, 00:01:38.986,16.0,2.0,28.114,33.274,37.2,HARD,2.0,Haas F1 Team,15.0
HUL,27, 00:01:38.540,17.0,2.0,28.097,33.978,36.419,HARD,3.0,Haas F1 Team,12.0
HUL,27, 00:01:38.481,18.0,2.0,28.132,33.379,36.866,HARD,4.0,Haas F1 Team,11.0
HUL,27, 00:01:38.372,19.0,2.0,28.377,33.437,36.373,HARD,5.0,Haas F1 Team,10.0
HUL,27, 00:01:37.634,20.0,2.0,28.618,32.918,36.687,HARD,6.0,Haas F1 Team,10.0
HUL,27, 00:01:37.980,21.0,2.0,28.82,32.932,36.749,HARD,7.0,Haas F1 Team,10.0
HUL,27, 00:01:37.948,22.0,2.0,28.495,33.269,36.473,HARD,8.0,Haas F1 Team,9.0
HUL,27, 00:01:38.264,23.0,2.0,28.355,33.026,36.956,HARD,9.0,Haas F1 Team,9.0
HUL,27, 00:01:38.166,24.0,2.0,28.397,33.222,36.83,HARD,10.0,Haas F1 Team,9.0
HUL,27, 00:01:38.705,25.0,2.0,28.425,33.541,37.067,HARD,11.0,Haas F1 Team,8.0
HUL,27, 00:01:38.539,26.0,2.0,44.067,33.465,36.942,HARD,12.0,Haas F1 Team,8.0
HUL,27, 00:01:38.706,27.0,2.0,28.296,33.413,36.916,HARD,13.0,Haas F1 Team,8.0
HUL,27, 00:01:38.986,28.0,2.0,27.983,33.56,36.808,HARD,14.0,Haas F1 Team,8.0
HUL,27, 00:01:39.469,29.0,2.0,27.976,33.779,36.87,HARD,15.0,Haas F1 Team,7.0
HUL,27, 00:01:38.817,30.0,2.0,27.943,33.334,36.988,HARD,16.0,Haas F1 Team,7.0
HUL,27, 00:01:38.600,31.0,2.0,27.901,33.301,36.944,HARD,17.0,Haas F1 Team,6.0
HUL,27, 00:01:38.741,32.0,2.0,28.311,33.328,37.016,HARD,18.0,Haas F1 Team,6.0
HUL,27, 00:01:43.457,33.0,2.0,28.517,33.588,41.444,HARD,19.0,Haas F1 Team,7.0
HUL,27, 00:01:55.136,34.0,3.0,28.406,34.183,36.886,HARD,1.0,Haas F1 Team,11.0
HUL,27, 00:01:38.045,35.0,3.0,28.007,33.275,36.474,HARD,2.0,Haas F1 Team,11.0
HUL,27, 00:01:37.730,36.0,3.0,27.98,33.479,36.268,HARD,3.0,Haas F1 Team,9.0
HUL,27, 00:01:37.526,37.0,3.0,27.503,32.988,36.562,HARD,4.0,Haas F1 Team,9.0
HUL,27, 00:01:37.528,38.0,3.0,27.529,32.971,36.614,HARD,5.0,Haas F1 Team,9.0
HUL,27, 00:01:37.228,39.0,3.0,27.608,32.474,36.853,HARD,6.0,Haas F1 Team,9.0
HUL,27, 00:01:37.687,40.0,3.0,27.551,32.638,36.738,HARD,7.0,Haas F1 Team,9.0
HUL,27, 00:01:38.226,41.0,3.0,27.56,32.895,36.814,HARD,8.0,Haas F1 Team,9.0
HUL,27, 00:01:37.999,42.0,3.0,27.962,32.948,36.645,HARD,9.0,Haas F1 Team,9.0
HUL,27, 00:01:37.556,43.0,3.0,29.487,32.843,36.706,HARD,10.0,Haas F1 Team,9.0
HUL,27, 00:01:36.893,44.0,3.0,29.026,32.519,36.394,HARD,11.0,Haas F1 Team,8.0
HUL,27, 00:01:36.680,45.0,3.0,28.629,32.475,36.702,HARD,12.0,Haas F1 Team,8.0
HUL,27, 00:01:36.986,46.0,3.0,28.713,32.482,36.975,HARD,13.0,Haas F1 Team,8.0
HUL,27, 00:01:36.994,47.0,3.0,28.917,32.581,36.805,HARD,14.0,Haas F1 Team,8.0
HUL,27, 00:01:36.585,48.0,3.0,28.728,32.365,36.669,HARD,15.0,Haas F1 Team,8.0
HUL,27, 00:01:36.704,49.0,3.0,28.806,32.435,36.709,HARD,16.0,Haas F1 Team,8.0
HUL,27, 00:01:37.575,50.0,3.0,30.343,32.759,36.854,HARD,17.0,Haas F1 Team,8.0
TSU,22, 00:01:47.340,1.0,1.0,29.388,34.524,37.322,MEDIUM,1.0,RB,7.0
TSU,22, 00:01:40.026,2.0,1.0,45.274,33.55,36.989,MEDIUM,2.0,RB,7.0
TSU,22, 00:01:39.407,3.0,1.0,28.498,33.356,37.025,MEDIUM,3.0,RB,7.0
TSU,22, 00:01:39.071,4.0,1.0,28.307,33.399,37.043,MEDIUM,4.0,RB,7.0
TSU,22, 00:01:39.366,5.0,1.0,28.601,33.536,37.117,MEDIUM,5.0,RB,7.0
TSU,22, 00:01:39.428,6.0,1.0,28.996,33.448,37.063,MEDIUM,6.0,RB,7.0
TSU,22, 00:01:39.507,7.0,1.0,29.247,33.631,37.148,MEDIUM,7.0,RB,7.0
TSU,22, 00:01:39.973,8.0,1.0,28.372,33.839,37.328,MEDIUM,8.0,RB,7.0
TSU,22, 00:01:42.418,9.0,1.0,28.386,34.153,37.922,MEDIUM,9.0,RB,6.0
TSU,22, 00:01:45.973,10.0,1.0,28.515,34.483,42.102,MEDIUM,10.0,RB,10.0
TSU,22, 00:01:55.855,11.0,2.0,28.264,33.465,37.116,HARD,2.0,RB,15.0
TSU,22, 00:01:38.177,12.0,2.0,28.239,32.905,36.774,HARD,3.0,RB,12.0
TSU,22, 00:01:38.304,13.0,2.0,28.265,33.097,36.9,HARD,4.0,RB,12.0
TSU,22, 00:01:40.190,14.0,2.0,28.388,34.477,37.112,HARD,5.0,RB,12.0
TSU,22, 00:01:40.745,15.0,2.0,29.317,34.846,36.903,HARD,6.0,RB,9.0
TSU,22, 00:01:40.708,16.0,2.0,28.568,34.685,36.776,HARD,7.0,RB,8.0
TSU,22, 00:01:38.549,17.0,2.0,28.518,33.197,36.98,HARD,8.0,RB,8.0
TSU,22, 00:01:38.576,18.0,2.0,28.458,33.076,37.114,HARD,9.0,RB,7.0
TSU,22, 00:01:38.490,19.0,2.0,29.004,32.94,37.035,HARD,10.0,RB,7.0
TSU,22, 00:01:38.258,20.0,2.0,29.519,33.056,36.938,HARD,11.0,RB,7.0
TSU,22, 00:01:38.387,21.0,2.0,44.743,33.087,37.061,HARD,12.0,RB,7.0
TSU,22, 00:01:38.831,22.0,2.0,28.518,33.28,37.286,HARD,13.0,RB,7.0
TSU,22, 00:01:38.925,23.0,2.0,28.366,33.398,37.139,HARD,14.0,RB,7.0
TSU,22, 00:01:40.038,24.0,2.0,28.269,33.413,37.308,HARD,15.0,RB,7.0
TSU,22, 00:01:38.985,25.0,2.0,28.269,33.27,37.147,HARD,16.0,RB,7.0
TSU,22, 00:01:38.932,26.0,2.0,28.29,33.326,37.088,HARD,17.0,RB,7.0
TSU,22, 00:01:38.827,27.0,2.0,28.394,33.323,37.046,HARD,18.0,RB,7.0
TSU,22, 00:01:39.213,28.0,2.0,28.122,33.395,36.814,HARD,19.0,RB,7.0
TSU,22, 00:01:44.582,29.0,2.0,28.207,33.442,41.621,HARD,20.0,RB,8.0
TSU,22, 00:01:55.356,30.0,3.0,27.953,33.605,37.008,HARD,2.0,RB,13.0
TSU,22, 00:01:38.720,31.0,3.0,28.029,33.194,37.008,HARD,3.0,RB,13.0
TSU,22, 00:01:38.174,32.0,3.0,28.337,33.066,36.742,HARD,4.0,RB,13.0
TSU,22, 00:01:38.044,33.0,3.0,28.231,33.008,36.767,HARD,5.0,RB,12.0
TSU,22, 00:01:38.088,34.0,3.0,28.114,33.401,36.418,HARD,6.0,RB,9.0
TSU,22, 00:01:38.173,35.0,3.0,28.114,33.379,36.504,HARD,7.0,RB,8.0
TSU,22, 00:01:38.514,36.0,3.0,27.916,33.146,36.974,HARD,8.0,RB,8.0
TSU,22, 00:01:37.600,37.0,3.0,27.92,32.704,36.774,HARD,9.0,RB,8.0
TSU,22, 00:01:38.146,38.0,3.0,28.048,33.004,36.935,HARD,10.0,RB,8.0
TSU,22, 00:01:37.802,39.0,3.0,27.833,32.676,37.173,HARD,11.0,RB,8.0
TSU,22, 00:01:37.624,40.0,3.0,27.906,32.571,37.024,HARD,12.0,RB,8.0
TSU,22, 00:01:38.223,41.0,3.0,28.042,32.781,37.105,HARD,13.0,RB,8.0
TSU,22, 00:01:37.721,42.0,3.0,30.309,32.582,36.908,HARD,14.0,RB,8.0
TSU,22, 00:01:37.478,43.0,3.0,29.232,32.483,36.881,HARD,15.0,RB,8.0
TSU,22, 00:01:37.976,44.0,3.0,28.996,32.485,37.377,HARD,16.0,RB,9.0
TSU,22, 00:01:37.381,45.0,3.0,28.691,32.766,36.699,HARD,17.0,RB,9.0
TSU,22, 00:01:37.323,46.0,3.0,28.588,32.685,36.718,HARD,18.0,RB,9.0
TSU,22, 00:01:37.028,47.0,3.0,28.457,32.377,36.603,HARD,19.0,RB,9.0
TSU,22, 00:01:36.957,48.0,3.0,28.414,32.441,36.683,HARD,20.0,RB,9.0
TSU,22, 00:01:37.304,49.0,3.0,28.547,32.496,36.902,HARD,21.0,RB,9.0
TSU,22, 00:01:38.064,50.0,3.0,28.563,32.716,37.306,HARD,22.0,RB,9.0
PER,11, 00:01:53.292,1.0,1.0,29.474,35.92,39.005,HARD,1.0,Red Bull Racing,17.0
PER,11, 00:01:42.106,2.0,1.0,28.526,34.514,37.283,HARD,2.0,Red Bull Racing,16.0
PER,11, 00:01:40.450,3.0,1.0,28.947,33.888,37.33,HARD,3.0,Red Bull Racing,16.0
PER,11, 00:01:40.282,4.0,1.0,28.645,34.054,37.232,HARD,4.0,Red Bull Racing,15.0
PER,11, 00:01:39.277,5.0,1.0,28.865,33.39,37.196,HARD,5.0,Red Bull Racing,15.0
PER,11, 00:01:38.985,6.0,1.0,28.805,33.45,36.947,HARD,6.0,Red Bull Racing,15.0
PER,11, 00:01:39.368,7.0,1.0,29.088,33.544,37.367,HARD,7.0,Red Bull Racing,14.0
PER,11, 00:01:38.882,8.0,1.0,45.202,33.299,37.169,HARD,8.0,Red Bull Racing,14.0
PER,11, 00:01:39.523,9.0,1.0,28.437,33.554,37.422,HARD,9.0,Red Bull Racing,13.0
PER,11, 00:01:39.229,10.0,1.0,27.942,33.527,37.139,HARD,10.0,Red Bull Racing,8.0
PER,11, 00:01:40.706,11.0,1.0,27.988,34.171,37.061,HARD,11.0,Red Bull Racing,5.0
PER,11, 00:01:39.663,12.0,1.0,28.07,33.872,37.265,HARD,12.0,Red Bull Racing,4.0
PER,11, 00:01:40.107,13.0,1.0,28.022,34.205,36.955,HARD,13.0,Red Bull Racing,3.0
PER,11, 00:01:40.897,14.0,1.0,28.438,34.324,37.928,HARD,14.0,Red Bull Racing,2.0
PER,11, 00:01:41.565,15.0,1.0,28.221,34.203,38.497,HARD,15.0,Red Bull Racing,3.0
PER,11, 00:01:40.939,16.0,1.0,28.062,34.238,37.896,HARD,16.0,Red Bull Racing,4.0
PER,11, 00:01:48.327,17.0,1.0,28.42,35.363,43.876,HARD,17.0,Red Bull Racing,7.0
PER,11, 00:01:56.440,18.0,2.0,28.058,33.852,37.386,MEDIUM,1.0,Red Bull Racing,14.0
PER,11, 00:01:38.953,19.0,2.0,28.141,33.217,37.299,MEDIUM,2.0,Red Bull Racing,14.0
PER,11, 00:01:38.250,20.0,2.0,28.026,33.105,37.203,MEDIUM,3.0,Red Bull Racing,14.0
PER,11, 00:01:38.109,21.0,2.0,29.136,33.071,37.05,MEDIUM,4.0,Red Bull Racing,14.0
PER,11, 00:01:38.112,22.0,2.0,28.474,33.123,36.919,MEDIUM,5.0,Red Bull Racing,14.0
PER,11, 00:01:38.007,23.0,2.0,44.499,33.128,36.857,MEDIUM,6.0,Red Bull Racing,14.0
PER,11, 00:01:38.326,24.0,2.0,27.912,33.158,36.73,MEDIUM,7.0,Red Bull Racing,12.0
PER,11, 00:01:38.100,25.0,2.0,27.862,32.796,37.083,MEDIUM,8.0,Red Bull Racing,11.0
PER,11, 00:01:37.931,26.0,2.0,27.751,33.072,36.797,MEDIUM,9.0,Red Bull Racing,9.0
PER,11, 00:01:38.360,27.0,2.0,28.181,32.835,37.105,MEDIUM,10.0,Red Bull Racing,9.0
PER,11, 00:01:37.997,28.0,2.0,27.912,32.986,36.953,MEDIUM,11.0,Red Bull Racing,9.0
PER,11, 00:01:37.883,29.0,2.0,28.512,32.829,36.913,MEDIUM,12.0,Red Bull Racing,9.0
PER,11, 00:01:38.317,30.0,2.0,27.972,33.18,37.111,MEDIUM,13.0,Red Bull Racing,8.0
PER,11, 00:01:39.896,31.0,2.0,27.599,33.766,36.994,MEDIUM,14.0,Red Bull Racing,8.0
PER,11, 00:01:43.652,32.0,2.0,27.44,33.234,41.944,MEDIUM,15.0,Red Bull Racing,8.0
PER,11, 00:01:54.573,33.0,3.0,27.523,33.138,36.936,HARD,1.0,Red Bull Racing,15.0
PER,11, 00:01:37.262,34.0,3.0,27.765,32.669,36.681,HARD,2.0,Red Bull Racing,15.0
PER,11, 00:01:37.112,35.0,3.0,27.992,32.569,36.681,HARD,3.0,Red Bull Racing,14.0
PER,11, 00:01:36.983,36.0,3.0,27.661,32.618,36.614,HARD,4.0,Red Bull Racing,14.0
PER,11, 00:01:38.607,37.0,3.0,27.736,33.306,37.12,HARD,5.0,Red Bull Racing,12.0
PER,11, 00:01:37.542,38.0,3.0,27.69,32.702,36.928,HARD,6.0,Red Bull Racing,12.0
PER,11, 00:01:38.613,39.0,3.0,27.748,33.459,36.642,HARD,7.0,Red Bull Racing,11.0
PER,11, 00:01:37.536,40.0,3.0,28.177,32.631,36.933,HARD,8.0,Red Bull Racing,11.0
PER,11, 00:01:36.579,41.0,3.0,29.423,32.309,36.671,HARD,9.0,Red Bull Racing,11.0
PER,11, 00:01:36.326,42.0,3.0,29.12,32.291,36.595,HARD,10.0,Red Bull Racing,11.0
PER,11, 00:01:36.491,43.0,3.0,29.099,32.516,36.452,HARD,11.0,Red Bull Racing,11.0
PER,11, 00:01:37.037,44.0,3.0,44.116,32.564,36.708,HARD,12.0,Red Bull Racing,11.0
PER,11, 00:01:37.396,45.0,3.0,28.813,32.864,36.54,HARD,13.0,Red Bull Racing,10.0
PER,11, 00:01:36.950,46.0,3.0,28.637,32.593,36.696,HARD,14.0,Red Bull Racing,10.0
PER,11, 00:01:36.473,47.0,3.0,28.445,32.258,36.479,HARD,15.0,Red Bull Racing,10.0
PER,11, 00:01:36.716,48.0,3.0,28.533,32.529,36.497,HARD,16.0,Red Bull Racing,10.0
PER,11, 00:01:36.939,49.0,3.0,28.594,32.613,36.578,HARD,17.0,Red Bull Racing,10.0
PER,11, 00:01:38.017,50.0,3.0,28.523,32.907,36.933,HARD,18.0,Red Bull Racing,10.0
ALO,14, 00:01:52.823,1.0,1.0,28.709,36.209,38.793,SOFT,1.0,Aston Martin,15.0
ALO,14, 00:01:40.592,2.0,1.0,28.54,33.739,37.43,SOFT,2.0,Aston Martin,14.0
ALO,14, 00:01:40.165,3.0,1.0,28.317,33.739,37.306,SOFT,3.0,Aston Martin,14.0
ALO,14, 00:01:45.129,4.0,1.0,29.95,34.055,41.975,SOFT,4.0,Aston Martin,19.0
ALO,14, 00:01:55.610,5.0,2.0,29.465,34.056,37.438,HARD,2.0,Aston Martin,20.0
ALO,14, 00:01:39.777,6.0,2.0,29.436,33.592,37.372,HARD,3.0,Aston Martin,20.0
ALO,14, 00:01:39.233,7.0,2.0,28.577,33.249,37.347,HARD,4.0,Aston Martin,20.0
ALO,14, 00:01:39.614,8.0,2.0,28.696,34.095,37.074,HARD,5.0,Aston Martin,20.0
ALO,14, 00:01:39.125,9.0,2.0,28.276,33.242,37.35,HARD,6.0,Aston Martin,20.0
ALO,14, 00:01:38.935,10.0,2.0,28.574,33.263,37.078,HARD,7.0,Aston Martin,18.0
ALO,14, 00:01:38.578,11.0,2.0,28.73,33.243,36.812,HARD,8.0,Aston Martin,17.0
ALO,14, 00:01:38.615,12.0,2.0,29.072,33.234,36.672,HARD,9.0,Aston Martin,14.0
ALO,14, 00:01:38.437,13.0,2.0,29.304,33.137,36.76,HARD,10.0,Aston Martin,14.0
ALO,14, 00:01:39.368,14.0,2.0,43.919,33.983,37.068,HARD,11.0,Aston Martin,14.0
ALO,14, 00:01:42.232,15.0,2.0,28.189,34.856,37.426,HARD,12.0,Aston Martin,13.0
ALO,14, 00:01:41.595,16.0,2.0,28.438,34.668,37.462,HARD,13.0,Aston Martin,12.0
ALO,14, 00:01:40.366,17.0,2.0,28.481,33.704,37.226,HARD,14.0,Aston Martin,10.0
ALO,14, 00:01:39.432,18.0,2.0,28.255,33.134,37.721,HARD,15.0,Aston Martin,10.0
ALO,14, 00:01:39.761,19.0,2.0,28.237,33.64,37.425,HARD,16.0,Aston Martin,11.0
ALO,14, 00:01:38.612,20.0,2.0,28.465,33.452,36.884,HARD,17.0,Aston Martin,11.0
ALO,14, 00:01:38.989,21.0,2.0,28.214,33.425,36.99,HARD,18.0,Aston Martin,11.0
ALO,14, 00:01:39.515,22.0,2.0,28.002,33.693,37.092,HARD,19.0,Aston Martin,11.0
ALO,14, 00:01:41.065,23.0,2.0,28.262,33.995,37.998,HARD,20.0,Aston Martin,12.0
ALO,14, 00:01:44.985,24.0,2.0,28.308,33.859,41.822,HARD,21.0,Aston Martin,15.0
ALO,14, 00:01:54.074,25.0,3.0,28.527,33.066,37.089,HARD,2.0,Aston Martin,17.0
ALO,14, 00:01:37.924,26.0,3.0,28.396,32.642,37.093,HARD,3.0,Aston Martin,16.0
ALO,14, 00:01:38.422,27.0,3.0,28.097,33.015,36.969,HARD,4.0,Aston Martin,15.0
ALO,14, 00:01:38.655,28.0,3.0,27.623,33.217,36.957,HARD,5.0,Aston Martin,15.0
ALO,14, 00:01:38.034,29.0,3.0,27.785,32.95,36.829,HARD,6.0,Aston Martin,14.0
ALO,14, 00:01:37.818,30.0,3.0,28.23,32.99,36.591,HARD,7.0,Aston Martin,14.0
ALO,14, 00:01:38.053,31.0,3.0,28.66,32.879,36.709,HARD,8.0,Aston Martin,14.0
ALO,14, 00:01:37.531,32.0,3.0,28.263,32.749,36.568,HARD,9.0,Aston Martin,14.0
ALO,14, 00:01:37.634,33.0,3.0,28.072,32.982,36.65,HARD,10.0,Aston Martin,13.0
ALO,14, 00:01:37.932,34.0,3.0,28.138,33.166,36.504,HARD,11.0,Aston Martin,13.0
ALO,14, 00:01:37.883,35.0,3.0,28.352,33.07,36.505,HARD,12.0,Aston Martin,12.0
ALO,14, 00:01:38.853,36.0,3.0,28.254,34.008,36.318,HARD,13.0,Aston Martin,11.0
ALO,14, 00:01:37.820,37.0,3.0,28.115,33.297,36.127,HARD,14.0,Aston Martin,10.0
ALO,14, 00:01:37.565,38.0,3.0,28.076,32.915,36.553,HARD,15.0,Aston Martin,10.0
ALO,14, 00:01:36.553,39.0,3.0,28.175,32.619,36.311,HARD,16.0,Aston Martin,10.0
ALO,14, 00:01:37.174,40.0,3.0,30.532,32.862,36.527,HARD,17.0,Aston Martin,10.0
ALO,14, 00:01:37.681,41.0,3.0,29.165,33.04,36.411,HARD,18.0,Aston Martin,10.0
ALO,14, 00:01:38.078,42.0,3.0,29.269,33.024,36.394,HARD,19.0,Aston Martin,10.0
ALO,14, 00:01:37.775,43.0,3.0,28.762,33.028,36.484,HARD,20.0,Aston Martin,10.0
ALO,14, 00:01:37.754,44.0,3.0,28.679,33.022,36.66,HARD,21.0,Aston Martin,10.0
ALO,14, 00:01:38.527,45.0,3.0,28.575,33.227,37.162,HARD,22.0,Aston Martin,11.0
ALO,14, 00:01:38.513,46.0,3.0,28.84,33.352,36.809,HARD,23.0,Aston Martin,11.0
ALO,14, 00:01:38.136,47.0,3.0,28.681,33.247,36.635,HARD,24.0,Aston Martin,11.0
ALO,14, 00:01:38.338,48.0,3.0,29.188,33.369,36.854,HARD,25.0,Aston Martin,11.0
ALO,14, 00:01:37.904,49.0,3.0,29.332,33.196,36.632,HARD,26.0,Aston Martin,11.0
ALO,14, 00:01:37.980,50.0,3.0,29.273,33.153,36.652,HARD,27.0,Aston Martin,11.0
MAG,20, 00:01:52.614,1.0,1.0,29.307,36.031,39.066,MEDIUM,1.0,Haas F1 Team,14.0
MAG,20, 00:01:42.380,2.0,1.0,29.331,34.599,37.249,MEDIUM,2.0,Haas F1 Team,15.0
MAG,20, 00:01:40.169,3.0,1.0,29.646,33.648,37.356,MEDIUM,3.0,Haas F1 Team,15.0
MAG,20, 00:01:40.422,4.0,1.0,29.551,33.775,37.378,MEDIUM,4.0,Haas F1 Team,14.0
MAG,20, 00:01:39.314,5.0,1.0,29.946,33.235,37.317,MEDIUM,5.0,Haas F1 Team,14.0
MAG,20, 00:01:38.923,6.0,1.0,45.535,33.201,37.043,MEDIUM,6.0,Haas F1 Team,14.0
MAG,20, 00:01:40.623,7.0,1.0,29.267,33.403,38.645,MEDIUM,7.0,Haas F1 Team,15.0
MAG,20, 00:01:39.595,8.0,1.0,28.856,33.575,37.18,MEDIUM,8.0,Haas F1 Team,15.0
MAG,20, 00:01:40.151,9.0,1.0,28.739,33.941,37.529,MEDIUM,9.0,Haas F1 Team,15.0
MAG,20, 00:01:41.368,10.0,1.0,28.597,34.59,37.59,MEDIUM,10.0,Haas F1 Team,13.0
MAG,20, 00:01:41.267,11.0,1.0,28.676,34.567,37.368,MEDIUM,11.0,Haas F1 Team,7.0
MAG,20, 00:01:41.935,12.0,1.0,28.27,34.648,38.014,MEDIUM,12.0,Haas F1 Team,6.0
MAG,20, 00:01:42.195,13.0,1.0,29.072,34.505,38.383,MEDIUM,13.0,Haas F1 Team,8.0
MAG,20, 00:01:42.439,14.0,1.0,28.519,35.222,37.886,MEDIUM,14.0,Haas F1 Team,9.0
MAG,20, 00:01:41.962,15.0,1.0,28.545,34.829,37.487,MEDIUM,15.0,Haas F1 Team,8.0
MAG,20, 00:01:41.850,16.0,1.0,28.492,34.429,37.87,MEDIUM,16.0,Haas F1 Team,9.0
MAG,20, 00:01:47.306,17.0,1.0,28.331,35.049,42.311,MEDIUM,17.0,Haas F1 Team,14.0
MAG,20, 00:01:57.747,18.0,2.0,28.176,35.0,37.212,HARD,1.0,Haas F1 Team,18.0
MAG,20, 00:01:39.918,19.0,2.0,28.122,33.401,37.25,HARD,2.0,Haas F1 Team,18.0
MAG,20, 00:01:39.233,20.0,2.0,28.114,33.131,37.246,HARD,3.0,Haas F1 Team,18.0
MAG,20, 00:01:39.503,21.0,2.0,28.076,33.488,37.276,HARD,4.0,Haas F1 Team,18.0
MAG,20, 00:01:39.030,22.0,2.0,28.028,33.222,37.211,HARD,5.0,Haas F1 Team,18.0
MAG,20, 00:01:39.182,23.0,2.0,28.021,33.396,37.11,HARD,6.0,Haas F1 Team,18.0
MAG,20, 00:01:38.696,24.0,2.0,28.009,33.221,37.205,HARD,7.0,Haas F1 Team,18.0
MAG,20, 00:01:39.087,25.0,2.0,28.641,33.269,36.746,HARD,8.0,Haas F1 Team,18.0
MAG,20, 00:01:38.295,26.0,2.0,28.874,33.038,36.738,HARD,9.0,Haas F1 Team,17.0
MAG,20, 00:01:39.412,27.0,2.0,28.211,33.845,37.022,HARD,10.0,Haas F1 Team,16.0
MAG,20, 00:01:38.627,28.0,2.0,28.097,33.226,36.909,HARD,11.0,Haas F1 Team,16.0
MAG,20, 00:01:38.430,29.0,2.0,28.142,33.087,37.012,HARD,12.0,Haas F1 Team,15.0
MAG,20, 00:01:38.261,30.0,2.0,27.913,33.231,36.854,HARD,13.0,Haas F1 Team,15.0
MAG,20, 00:01:38.073,31.0,2.0,28.023,33.097,36.854,HARD,14.0,Haas F1 Team,15.0
MAG,20, 00:01:37.948,32.0,2.0,27.89,32.936,36.898,HARD,15.0,Haas F1 Team,15.0
MAG,20, 00:01:37.731,33.0,2.0,27.896,32.86,36.795,HARD,16.0,Haas F1 Team,14.0
MAG,20, 00:01:37.680,34.0,2.0,27.744,32.858,36.794,HARD,17.0,Haas F1 Team,14.0
MAG,20, 00:01:37.371,35.0,2.0,27.691,32.841,36.509,HARD,18.0,Haas F1 Team,13.0
MAG,20, 00:01:38.043,36.0,2.0,27.59,33.333,36.701,HARD,19.0,Haas F1 Team,13.0
MAG,20, 00:01:40.547,37.0,2.0,27.566,33.51,38.396,HARD,20.0,Haas F1 Team,14.0
MAG,20, 00:01:39.440,38.0,2.0,27.758,33.423,37.143,HARD,21.0,Haas F1 Team,13.0
MAG,20, 00:01:37.857,39.0,2.0,29.015,32.937,36.709,HARD,22.0,Haas F1 Team,13.0
MAG,20, 00:01:37.831,40.0,2.0,28.789,33.223,36.511,HARD,23.0,Haas F1 Team,12.0
MAG,20, 00:01:37.945,41.0,2.0,28.689,32.937,36.866,HARD,24.0,Haas F1 Team,12.0
MAG,20, 00:01:37.555,42.0,2.0,28.765,32.911,36.731,HARD,25.0,Haas F1 Team,12.0
MAG,20, 00:01:37.881,43.0,2.0,28.977,33.014,36.844,HARD,26.0,Haas F1 Team,12.0
MAG,20, 00:01:37.784,44.0,2.0,28.625,33.078,36.816,HARD,27.0,Haas F1 Team,12.0
MAG,20, 00:01:37.471,45.0,2.0,28.793,32.799,36.776,HARD,28.0,Haas F1 Team,12.0
MAG,20, 00:01:37.228,46.0,2.0,29.2,32.762,36.722,HARD,29.0,Haas F1 Team,12.0
MAG,20, 00:01:36.775,47.0,2.0,29.491,32.609,36.475,HARD,30.0,Haas F1 Team,12.0
MAG,20, 00:01:36.816,48.0,2.0,29.159,32.801,36.425,HARD,31.0,Haas F1 Team,12.0
MAG,20, 00:01:36.557,49.0,2.0,47.098,32.7,36.291,HARD,32.0,Haas F1 Team,12.0
MAG,20, 00:01:37.305,50.0,2.0,28.844,33.157,36.39,HARD,33.0,Haas F1 Team,12.0
ZHO,24, 00:01:50.678,1.0,1.0,28.453,35.644,37.911,MEDIUM,2.0,Kick Sauber,12.0
ZHO,24, 00:01:40.366,2.0,1.0,28.664,34.266,37.085,MEDIUM,3.0,Kick Sauber,12.0
ZHO,24, 00:01:39.399,3.0,1.0,28.493,33.531,37.079,MEDIUM,4.0,Kick Sauber,12.0
ZHO,24, 00:01:39.307,4.0,1.0,28.572,33.641,36.977,MEDIUM,5.0,Kick Sauber,12.0
ZHO,24, 00:01:39.398,5.0,1.0,28.282,33.622,37.011,MEDIUM,6.0,Kick Sauber,12.0
ZHO,24, 00:01:39.769,6.0,1.0,28.292,33.857,36.935,MEDIUM,7.0,Kick Sauber,12.0
ZHO,24, 00:01:39.911,7.0,1.0,28.296,34.078,37.208,MEDIUM,8.0,Kick Sauber,12.0
ZHO,24, 00:01:40.168,8.0,1.0,28.258,34.269,37.106,MEDIUM,9.0,Kick Sauber,12.0
ZHO,24, 00:01:40.819,9.0,1.0,28.181,34.389,37.23,MEDIUM,10.0,Kick Sauber,12.0
ZHO,24, 00:01:41.281,10.0,1.0,28.48,34.479,37.311,MEDIUM,11.0,Kick Sauber,7.0
ZHO,24, 00:01:46.469,11.0,1.0,28.355,34.444,42.866,MEDIUM,12.0,Kick Sauber,9.0
ZHO,24, 00:01:59.067,12.0,2.0,28.664,34.418,37.551,HARD,2.0,Kick Sauber,18.0
ZHO,24, 00:01:39.928,13.0,2.0,28.452,33.618,37.466,HARD,3.0,Kick Sauber,17.0
ZHO,24, 00:01:39.349,14.0,2.0,28.524,33.508,37.388,HARD,4.0,Kick Sauber,17.0
ZHO,24, 00:01:38.978,15.0,2.0,28.581,33.416,36.898,HARD,5.0,Kick Sauber,16.0
ZHO,24, 00:01:39.212,16.0,2.0,28.391,33.732,36.987,HARD,6.0,Kick Sauber,16.0
ZHO,24, 00:01:39.144,17.0,2.0,28.45,33.494,37.078,HARD,7.0,Kick Sauber,13.0
ZHO,24, 00:01:38.902,18.0,2.0,28.525,33.507,37.113,HARD,8.0,Kick Sauber,12.0
ZHO,24, 00:01:38.981,19.0,2.0,28.578,33.619,37.07,HARD,9.0,Kick Sauber,12.0
ZHO,24, 00:01:38.775,20.0,2.0,28.535,33.264,37.215,HARD,10.0,Kick Sauber,12.0
ZHO,24, 00:01:38.846,21.0,2.0,28.455,33.382,37.206,HARD,11.0,Kick Sauber,12.0
ZHO,24, 00:01:38.846,22.0,2.0,45.229,33.598,37.067,HARD,12.0,Kick Sauber,12.0
ZHO,24, 00:01:39.691,23.0,2.0,28.017,34.004,37.207,HARD,13.0,Kick Sauber,11.0
ZHO,24, 00:01:39.382,24.0,2.0,27.77,33.761,37.266,HARD,14.0,Kick Sauber,11.0
ZHO,24, 00:01:39.800,25.0,2.0,27.76,33.684,37.452,HARD,15.0,Kick Sauber,10.0
ZHO,24, 00:01:40.098,26.0,2.0,27.774,33.755,37.891,HARD,16.0,Kick Sauber,10.0
ZHO,24, 00:01:39.643,27.0,2.0,27.475,33.895,37.224,HARD,17.0,Kick Sauber,10.0
ZHO,24, 00:01:39.644,28.0,2.0,27.623,33.831,37.232,HARD,18.0,Kick Sauber,10.0
ZHO,24, 00:01:39.313,29.0,2.0,27.64,33.681,37.241,HARD,19.0,Kick Sauber,10.0
ZHO,24, 00:01:39.663,30.0,2.0,27.442,33.982,37.231,HARD,20.0,Kick Sauber,9.0
ZHO,24, 00:01:39.674,31.0,2.0,27.565,33.822,37.327,HARD,21.0,Kick Sauber,9.0
ZHO,24, 00:01:40.016,32.0,2.0,27.381,33.843,37.595,HARD,22.0,Kick Sauber,10.0
ZHO,24, 00:01:39.448,33.0,2.0,27.389,33.856,37.057,HARD,23.0,Kick Sauber,9.0
ZHO,24, 00:01:44.144,34.0,2.0,27.435,33.732,41.957,HARD,24.0,Kick Sauber,12.0
ZHO,24, 00:01:55.582,35.0,3.0,27.719,33.358,36.995,HARD,1.0,Kick Sauber,16.0
ZHO,24, 00:01:37.950,36.0,3.0,27.799,33.008,36.925,HARD,2.0,Kick Sauber,16.0
ZHO,24, 00:01:37.553,37.0,3.0,28.485,32.839,36.944,HARD,3.0,Kick Sauber,16.0
ZHO,24, 00:01:37.515,38.0,3.0,30.412,32.755,37.0,HARD,4.0,Kick Sauber,16.0
ZHO,24, 00:01:37.189,39.0,3.0,29.456,32.616,36.799,HARD,5.0,Kick Sauber,15.0
ZHO,24, 00:01:36.913,40.0,3.0,28.995,32.596,36.842,HARD,6.0,Kick Sauber,15.0
ZHO,24, 00:01:37.003,41.0,3.0,28.94,32.569,36.811,HARD,7.0,Kick Sauber,15.0
ZHO,24, 00:01:37.183,42.0,3.0,28.694,32.765,36.778,HARD,8.0,Kick Sauber,15.0
ZHO,24, 00:01:36.766,43.0,3.0,29.592,32.715,36.609,HARD,9.0,Kick Sauber,15.0
ZHO,24, 00:01:37.082,44.0,3.0,28.762,33.292,36.225,HARD,10.0,Kick Sauber,14.0
ZHO,24, 00:01:36.542,45.0,3.0,28.58,32.509,36.652,HARD,11.0,Kick Sauber,14.0
ZHO,24, 00:01:36.324,46.0,3.0,28.649,32.47,36.465,HARD,12.0,Kick Sauber,14.0
ZHO,24, 00:01:36.360,47.0,3.0,29.133,32.582,36.343,HARD,13.0,Kick Sauber,14.0
ZHO,24, 00:01:36.609,48.0,3.0,29.781,32.595,36.295,HARD,14.0,Kick Sauber,14.0
ZHO,24, 00:01:36.975,49.0,3.0,30.2,32.757,36.419,HARD,15.0,Kick Sauber,14.0
ZHO,24, 00:01:38.399,50.0,3.0,29.851,32.96,36.954,HARD,16.0,Kick Sauber,13.0
COL,43, 00:01:55.624,1.0,1.0,29.916,35.382,38.044,HARD,1.0,Williams,20.0
COL,43, 00:01:42.181,2.0,1.0,29.945,34.425,37.344,HARD,2.0,Williams,20.0
COL,43, 00:01:41.198,3.0,1.0,44.327,34.351,37.391,HARD,3.0,Williams,20.0
COL,43, 00:01:39.852,4.0,1.0,28.629,33.921,36.936,HARD,4.0,Williams,20.0
COL,43, 00:01:39.837,5.0,1.0,28.424,33.902,36.995,HARD,5.0,Williams,19.0
COL,43, 00:01:39.204,6.0,1.0,28.247,33.592,36.918,HARD,6.0,Williams,19.0
COL,43, 00:01:40.570,7.0,1.0,28.076,33.699,37.279,HARD,7.0,Williams,19.0
COL,43, 00:01:39.397,8.0,1.0,28.222,33.645,36.99,HARD,8.0,Williams,19.0
COL,43, 00:01:39.574,9.0,1.0,28.064,33.81,37.184,HARD,9.0,Williams,17.0
COL,43, 00:01:39.335,10.0,1.0,28.121,33.72,36.966,HARD,10.0,Williams,15.0
COL,43, 00:01:40.973,11.0,1.0,28.031,34.562,37.278,HARD,11.0,Williams,10.0
COL,43, 00:01:42.436,12.0,1.0,28.415,34.909,37.746,HARD,12.0,Williams,9.0
COL,43, 00:01:42.309,13.0,1.0,43.27,34.978,37.131,HARD,13.0,Williams,11.0
COL,43, 00:01:42.135,14.0,1.0,28.251,35.179,37.105,HARD,14.0,Williams,11.0
COL,43, 00:01:42.397,15.0,1.0,28.045,35.212,37.269,HARD,15.0,Williams,11.0
COL,43, 00:01:46.201,16.0,1.0,28.089,35.035,41.221,HARD,16.0,Williams,14.0
COL,43, 00:01:55.655,17.0,2.0,28.11,34.217,37.111,MEDIUM,1.0,Williams,19.0
COL,43, 00:01:39.217,18.0,2.0,28.521,33.523,37.065,MEDIUM,2.0,Williams,17.0
COL,43, 00:01:38.805,19.0,2.0,28.069,33.245,37.136,MEDIUM,3.0,Williams,17.0
COL,43, 00:01:38.316,20.0,2.0,27.956,33.17,36.899,MEDIUM,4.0,Williams,17.0
COL,43, 00:01:37.978,21.0,2.0,27.628,33.035,36.867,MEDIUM,5.0,Williams,17.0
COL,43, 00:01:38.175,22.0,2.0,27.943,33.156,36.797,MEDIUM,6.0,Williams,17.0
COL,43, 00:01:38.095,23.0,2.0,27.698,33.355,36.676,MEDIUM,7.0,Williams,17.0
COL,43, 00:01:37.947,24.0,2.0,28.134,33.109,36.717,MEDIUM,8.0,Williams,17.0
COL,43, 00:01:37.866,25.0,2.0,28.606,33.088,36.747,MEDIUM,9.0,Williams,16.0
COL,43, 00:01:42.724,26.0,2.0,28.833,33.285,41.024,MEDIUM,10.0,Williams,15.0
COL,43, 00:01:52.302,27.0,3.0,28.619,32.427,36.605,HARD,1.0,Williams,18.0
COL,43, 00:01:37.959,28.0,3.0,27.867,32.903,36.805,HARD,2.0,Williams,18.0
COL,43, 00:01:38.333,29.0,3.0,27.79,33.482,36.806,HARD,3.0,Williams,17.0
COL,43, 00:01:38.219,30.0,3.0,28.3,33.276,36.854,HARD,4.0,Williams,17.0
COL,43, 00:01:38.367,31.0,3.0,28.274,33.359,36.898,HARD,5.0,Williams,17.0
COL,43, 00:01:38.901,32.0,3.0,28.177,33.883,36.497,HARD,6.0,Williams,16.0
COL,43, 00:01:37.890,33.0,3.0,27.855,33.085,36.736,HARD,7.0,Williams,16.0
COL,43, 00:01:37.419,34.0,3.0,27.95,32.793,36.67,HARD,8.0,Williams,16.0
COL,43, 00:01:36.981,35.0,3.0,27.779,32.909,36.444,HARD,9.0,Williams,15.0
COL,43, 00:01:37.374,36.0,3.0,29.104,32.877,36.554,HARD,10.0,Williams,15.0
COL,43, 00:01:36.867,37.0,3.0,30.686,32.813,36.356,HARD,11.0,Williams,15.0
COL,43, 00:01:38.550,38.0,3.0,29.289,33.558,36.858,HARD,12.0,Williams,14.0
COL,43, 00:01:37.974,39.0,3.0,29.036,32.942,36.426,HARD,13.0,Williams,14.0
COL,43, 00:01:38.569,40.0,3.0,28.834,33.115,36.621,HARD,14.0,Williams,14.0
COL,43, 00:01:38.474,41.0,3.0,28.833,33.463,36.392,HARD,15.0,Williams,13.0
COL,43, 00:01:37.187,42.0,3.0,28.74,32.842,36.478,HARD,16.0,Williams,13.0
COL,43, 00:01:36.929,43.0,3.0,29.304,32.873,36.266,HARD,17.0,Williams,13.0
COL,43, 00:01:37.774,44.0,3.0,29.131,32.863,36.611,HARD,18.0,Williams,13.0
COL,43, 00:01:38.056,45.0,3.0,58.261,33.091,36.691,HARD,19.0,Williams,13.0
COL,43, 00:01:38.007,46.0,3.0,28.506,33.163,36.667,HARD,20.0,Williams,13.0
COL,43, 00:01:37.018,47.0,3.0,29.165,32.756,36.407,HARD,21.0,Williams,13.0
COL,43, 00:01:37.020,48.0,3.0,29.174,32.632,36.438,HARD,22.0,Williams,13.0
COL,43, 00:01:37.239,49.0,3.0,28.688,32.735,36.725,HARD,23.0,Williams,13.0
COL,43, 00:01:39.731,50.0,3.0,28.613,33.678,36.949,HARD,24.0,Williams,14.0
STR,18, 00:01:53.727,1.0,1.0,28.49,36.325,38.345,MEDIUM,2.0,Aston Martin,18.0
STR,18, 00:01:42.752,2.0,1.0,28.528,34.83,37.236,MEDIUM,3.0,Aston Martin,18.0
STR,18, 00:01:40.483,3.0,1.0,28.681,34.109,37.085,MEDIUM,4.0,Aston Martin,18.0
STR,18, 00:01:40.502,4.0,1.0,28.574,34.225,37.241,MEDIUM,5.0,Aston Martin,17.0
STR,18, 00:01:39.447,5.0,1.0,28.597,33.694,36.919,MEDIUM,6.0,Aston Martin,17.0
STR,18, 00:01:39.006,6.0,1.0,28.53,33.398,36.775,MEDIUM,7.0,Aston Martin,17.0
STR,18, 00:01:39.302,7.0,1.0,28.527,33.562,37.0,MEDIUM,8.0,Aston Martin,17.0
STR,18, 00:01:40.168,8.0,1.0,28.637,33.869,36.995,MEDIUM,9.0,Aston Martin,17.0
STR,18, 00:01:45.282,9.0,1.0,28.471,33.824,42.327,MEDIUM,10.0,Aston Martin,19.0
STR,18, 00:02:09.226,10.0,2.0,28.65,33.656,37.309,HARD,2.0,Aston Martin,20.0
STR,18, 00:01:38.691,11.0,2.0,28.809,33.027,37.158,HARD,3.0,Aston Martin,20.0
STR,18, 00:01:39.976,12.0,2.0,28.858,33.427,37.384,HARD,4.0,Aston Martin,20.0
STR,18, 00:01:39.890,13.0,2.0,29.576,33.494,37.222,HARD,5.0,Aston Martin,20.0
STR,18, 00:01:39.287,14.0,2.0,44.852,33.578,37.021,HARD,6.0,Aston Martin,20.0
STR,18, 00:01:38.708,15.0,2.0,28.493,33.298,36.797,HARD,7.0,Aston Martin,20.0
STR,18, 00:01:39.039,16.0,2.0,28.375,33.526,37.023,HARD,8.0,Aston Martin,19.0
STR,18, 00:01:38.598,17.0,2.0,28.08,33.189,36.881,HARD,9.0,Aston Martin,18.0
STR,18, 00:01:38.688,18.0,2.0,27.983,33.113,36.894,HARD,10.0,Aston Martin,16.0
STR,18, 00:01:38.562,19.0,2.0,28.056,33.181,36.807,HARD,11.0,Aston Martin,16.0
STR,18, 00:01:38.424,20.0,2.0,29.076,33.077,36.75,HARD,12.0,Aston Martin,16.0
STR,18, 00:01:38.452,21.0,2.0,28.516,33.227,36.695,HARD,13.0,Aston Martin,16.0
STR,18, 00:01:38.545,22.0,2.0,28.324,33.268,36.75,HARD,14.0,Aston Martin,16.0
STR,18, 00:01:38.614,23.0,2.0,28.404,33.263,36.714,HARD,15.0,Aston Martin,16.0
STR,18, 00:01:38.531,24.0,2.0,28.227,33.254,36.806,HARD,16.0,Aston Martin,16.0
STR,18, 00:01:39.488,25.0,2.0,28.158,33.752,37.086,HARD,17.0,Aston Martin,15.0
STR,18, 00:01:39.384,26.0,2.0,28.105,33.625,36.95,HARD,18.0,Aston Martin,13.0
STR,18, 00:01:39.778,27.0,2.0,28.028,33.921,36.999,HARD,19.0,Aston Martin,13.0
STR,18, 00:01:46.525,28.0,2.0,27.953,34.588,42.361,HARD,20.0,Aston Martin,14.0
STR,18, 00:01:55.150,29.0,3.0,29.502,33.162,37.136,HARD,2.0,Aston Martin,18.0
STR,18, 00:01:38.748,30.0,3.0,28.048,33.225,37.03,HARD,3.0,Aston Martin,18.0
STR,18, 00:01:38.352,31.0,3.0,27.989,33.112,36.865,HARD,4.0,Aston Martin,18.0
STR,18, 00:01:37.893,32.0,3.0,27.952,32.954,36.859,HARD,5.0,Aston Martin,18.0
STR,18, 00:01:37.918,33.0,3.0,28.062,32.952,36.983,HARD,6.0,Aston Martin,18.0
STR,18, 00:01:37.828,34.0,3.0,27.94,32.951,36.821,HARD,7.0,Aston Martin,18.0
STR,18, 00:01:39.434,35.0,3.0,28.093,33.563,36.795,HARD,8.0,Aston Martin,17.0
STR,18, 00:01:38.606,36.0,3.0,29.239,33.311,36.779,HARD,9.0,Aston Martin,17.0
STR,18, 00:01:37.702,37.0,3.0,29.003,32.791,36.587,HARD,10.0,Aston Martin,17.0
STR,18, 00:01:37.955,38.0,3.0,28.837,32.885,36.666,HARD,11.0,Aston Martin,17.0
STR,18, 00:01:38.027,39.0,3.0,29.109,33.033,36.767,HARD,12.0,Aston Martin,16.0
STR,18, 00:01:37.473,40.0,3.0,29.009,32.685,36.63,HARD,13.0,Aston Martin,16.0
STR,18, 00:01:37.470,41.0,3.0,28.613,32.684,36.681,HARD,14.0,Aston Martin,16.0
STR,18, 00:01:37.370,42.0,3.0,28.98,32.738,36.604,HARD,15.0,Aston Martin,16.0
STR,18, 00:01:37.179,43.0,3.0,29.032,32.511,36.715,HARD,16.0,Aston Martin,16.0
STR,18, 00:01:38.920,44.0,3.0,29.254,32.835,36.583,HARD,17.0,Aston Martin,16.0
STR,18, 00:01:37.641,45.0,3.0,29.54,32.79,36.803,HARD,18.0,Aston Martin,15.0
STR,18, 00:01:37.313,46.0,3.0,44.969,32.675,36.649,HARD,19.0,Aston Martin,15.0
STR,18, 00:01:37.239,47.0,3.0,28.895,32.722,36.565,HARD,20.0,Aston Martin,15.0
STR,18, 00:01:37.388,48.0,3.0,28.681,32.702,36.624,HARD,21.0,Aston Martin,15.0
STR,18, 00:01:37.451,49.0,3.0,28.583,32.865,36.646,HARD,22.0,Aston Martin,15.0
STR,18, 00:01:37.939,50.0,3.0,28.602,33.107,36.739,HARD,23.0,Aston Martin,15.0
LAW,30, 00:01:52.392,1.0,1.0,28.669,36.029,39.196,MEDIUM,1.0,RB,13.0
LAW,30, 00:01:40.447,2.0,1.0,28.792,33.756,37.452,MEDIUM,2.0,RB,13.0
LAW,30, 00:01:39.729,3.0,1.0,28.557,33.293,37.433,MEDIUM,3.0,RB,13.0
LAW,30, 00:01:39.839,4.0,1.0,28.545,33.45,37.552,MEDIUM,4.0,RB,13.0
LAW,30, 00:01:39.698,5.0,1.0,28.555,33.235,37.354,MEDIUM,5.0,RB,13.0
LAW,30, 00:01:39.710,6.0,1.0,28.653,33.43,37.271,MEDIUM,6.0,RB,13.0
LAW,30, 00:01:39.404,7.0,1.0,28.509,33.517,37.274,MEDIUM,7.0,RB,13.0
LAW,30, 00:01:40.095,8.0,1.0,28.736,33.612,37.503,MEDIUM,8.0,RB,13.0
LAW,30, 00:01:41.469,9.0,1.0,28.93,33.875,38.562,MEDIUM,9.0,RB,14.0
LAW,30, 00:01:40.967,10.0,1.0,28.483,34.018,37.695,MEDIUM,10.0,RB,12.0
LAW,30, 00:01:46.707,11.0,1.0,28.453,34.371,42.796,MEDIUM,11.0,RB,13.0
LAW,30, 00:01:57.446,12.0,2.0,29.731,34.796,37.681,HARD,2.0,RB,19.0
LAW,30, 00:01:40.237,13.0,2.0,28.744,33.876,37.466,HARD,3.0,RB,18.0
LAW,30, 00:01:39.219,14.0,2.0,28.495,33.343,37.195,HARD,4.0,RB,18.0
LAW,30, 00:01:38.988,15.0,2.0,29.123,33.307,37.098,HARD,5.0,RB,17.0
LAW,30, 00:01:38.939,16.0,2.0,28.648,33.302,37.035,HARD,6.0,RB,17.0
LAW,30, 00:01:39.249,17.0,2.0,28.803,33.512,37.068,HARD,7.0,RB,15.0
LAW,30, 00:01:39.416,18.0,2.0,28.712,33.265,37.359,HARD,8.0,RB,13.0
LAW,30, 00:01:39.226,19.0,2.0,28.64,33.326,37.343,HARD,9.0,RB,13.0
LAW,30, 00:01:39.385,20.0,2.0,29.161,33.441,37.399,HARD,10.0,RB,13.0
LAW,30, 00:01:39.297,21.0,2.0,28.917,33.467,37.275,HARD,11.0,RB,13.0
LAW,30, 00:01:39.694,22.0,2.0,28.723,33.613,37.428,HARD,12.0,RB,13.0
LAW,30, 00:01:39.040,23.0,2.0,43.807,33.298,37.233,HARD,13.0,RB,13.0
LAW,30, 00:01:39.658,24.0,2.0,28.231,33.293,37.629,HARD,14.0,RB,13.0
LAW,30, 00:01:39.676,25.0,2.0,28.041,33.514,37.232,HARD,15.0,RB,12.0
LAW,30, 00:01:38.737,26.0,2.0,27.847,33.057,37.197,HARD,16.0,RB,11.0
LAW,30, 00:01:39.980,27.0,2.0,27.713,33.352,38.175,HARD,17.0,RB,11.0
LAW,30, 00:01:40.637,28.0,2.0,27.827,33.918,36.988,HARD,18.0,RB,12.0
LAW,30, 00:01:38.861,29.0,2.0,27.778,33.19,36.927,HARD,19.0,RB,12.0
LAW,30, 00:01:39.243,30.0,2.0,27.83,33.411,37.337,HARD,20.0,RB,12.0
LAW,30, 00:01:39.853,31.0,2.0,28.037,33.706,37.024,HARD,21.0,RB,12.0
LAW,30, 00:01:39.134,32.0,2.0,27.924,33.527,36.959,HARD,22.0,RB,12.0
LAW,30, 00:01:39.583,33.0,2.0,27.837,33.732,37.048,HARD,23.0,RB,11.0
LAW,30, 00:01:40.525,34.0,2.0,27.953,33.583,38.23,HARD,24.0,RB,10.0
LAW,30, 00:01:39.045,35.0,2.0,29.183,33.453,36.952,HARD,25.0,RB,10.0
LAW,30, 00:01:40.531,36.0,2.0,28.988,33.967,37.403,HARD,26.0,RB,12.0
LAW,30, 00:01:40.720,37.0,2.0,28.876,33.414,38.389,HARD,27.0,RB,13.0
LAW,30, 00:01:45.262,38.0,2.0,28.884,33.517,43.022,HARD,28.0,RB,15.0
LAW,30, 00:01:54.487,39.0,3.0,29.08,33.297,37.383,HARD,2.0,RB,17.0
LAW,30, 00:01:38.166,40.0,3.0,28.952,32.895,37.04,HARD,3.0,RB,17.0
LAW,30, 00:01:37.463,41.0,3.0,29.229,32.458,36.964,HARD,4.0,RB,17.0
LAW,30, 00:01:37.318,42.0,3.0,29.314,32.467,37.004,HARD,5.0,RB,17.0
LAW,30, 00:01:37.195,43.0,3.0,29.29,32.526,36.956,HARD,6.0,RB,17.0
LAW,30, 00:01:37.102,44.0,3.0,29.332,32.38,36.895,HARD,7.0,RB,17.0
LAW,30, 00:01:36.980,45.0,3.0,38.596,31.918,36.771,HARD,8.0,RB,17.0
LAW,30, 00:01:37.106,46.0,3.0,45.087,31.94,36.823,HARD,9.0,RB,16.0
LAW,30, 00:01:37.288,47.0,3.0,28.295,32.457,36.794,HARD,10.0,RB,16.0
LAW,30, 00:01:37.033,48.0,3.0,28.508,32.41,36.699,HARD,11.0,RB,16.0
LAW,30, 00:01:37.279,49.0,3.0,28.471,32.555,36.887,HARD,12.0,RB,16.0
LAW,30, 00:01:37.519,50.0,3.0,28.481,32.489,37.077,HARD,13.0,RB,16.0
OCO,31, 00:01:50.001,1.0,1.0,28.542,35.542,37.628,MEDIUM,1.0,Alpine,11.0
OCO,31, 00:01:40.137,2.0,1.0,28.434,34.094,36.86,MEDIUM,2.0,Alpine,11.0
OCO,31, 00:01:39.585,3.0,1.0,28.403,33.656,36.941,MEDIUM,3.0,Alpine,11.0
OCO,31, 00:01:39.367,4.0,1.0,28.396,33.522,36.969,MEDIUM,4.0,Alpine,11.0
OCO,31, 00:01:39.388,5.0,1.0,28.646,33.432,37.072,MEDIUM,5.0,Alpine,11.0
OCO,31, 00:01:39.597,6.0,1.0,28.483,33.668,36.849,MEDIUM,6.0,Alpine,11.0
OCO,31, 00:01:39.898,7.0,1.0,28.329,33.839,37.107,MEDIUM,7.0,Alpine,11.0
OCO,31, 00:01:40.498,8.0,1.0,28.593,34.021,37.248,MEDIUM,8.0,Alpine,11.0
OCO,31, 00:01:40.852,9.0,1.0,28.421,34.153,37.385,MEDIUM,9.0,Alpine,11.0
OCO,31, 00:01:41.095,10.0,1.0,28.61,34.48,37.325,MEDIUM,10.0,Alpine,6.0
OCO,31, 00:01:45.832,11.0,1.0,29.108,34.231,42.269,MEDIUM,11.0,Alpine,6.0
OCO,31, 00:01:54.887,12.0,2.0,28.517,33.996,42.295,MEDIUM,12.0,Alpine,15.0
OCO,31, 00:01:56.030,13.0,3.0,28.478,33.662,37.281,HARD,1.0,Alpine,19.0
OCO,31, 00:01:38.931,14.0,3.0,29.441,33.254,37.382,HARD,2.0,Alpine,19.0
OCO,31, 00:01:38.645,15.0,3.0,28.566,33.053,37.084,HARD,3.0,Alpine,19.0
OCO,31, 00:01:38.955,16.0,3.0,28.644,33.266,37.218,HARD,4.0,Alpine,18.0
OCO,31, 00:01:38.871,17.0,3.0,28.585,33.323,37.067,HARD,5.0,Alpine,17.0
OCO,31, 00:01:38.766,18.0,3.0,28.627,33.307,36.917,HARD,6.0,Alpine,15.0
OCO,31, 00:01:38.629,19.0,3.0,28.907,33.312,36.883,HARD,7.0,Alpine,15.0
OCO,31, 00:01:38.495,20.0,3.0,28.667,33.16,36.932,HARD,8.0,Alpine,15.0
OCO,31, 00:01:38.306,21.0,3.0,28.887,33.119,36.791,HARD,9.0,Alpine,15.0
OCO,31, 00:01:38.673,22.0,3.0,28.507,33.173,36.854,HARD,10.0,Alpine,15.0
OCO,31, 00:01:38.435,23.0,3.0,28.838,33.14,36.812,HARD,11.0,Alpine,15.0
OCO,31, 00:01:38.207,24.0,3.0,28.874,33.081,36.797,HARD,12.0,Alpine,14.0
OCO,31, 00:01:38.825,25.0,3.0,28.635,33.347,36.885,HARD,13.0,Alpine,13.0
OCO,31, 00:01:38.271,26.0,3.0,28.539,33.105,36.745,HARD,14.0,Alpine,12.0
OCO,31, 00:01:39.589,27.0,3.0,28.507,33.24,37.739,HARD,15.0,Alpine,12.0
OCO,31, 00:01:39.635,28.0,3.0,28.465,33.506,37.021,HARD,16.0,Alpine,11.0
OCO,31, 00:01:38.900,29.0,3.0,45.354,33.347,37.036,HARD,17.0,Alpine,11.0
OCO,31, 00:01:39.029,30.0,3.0,27.712,33.6,36.951,HARD,18.0,Alpine,10.0
OCO,31, 00:01:40.267,31.0,3.0,27.695,33.772,37.054,HARD,19.0,Alpine,11.0
OCO,31, 00:01:39.182,32.0,3.0,27.924,33.644,36.972,HARD,20.0,Alpine,11.0
OCO,31, 00:01:39.436,33.0,3.0,30.32,33.87,36.922,HARD,21.0,Alpine,10.0
OCO,31, 00:01:39.238,34.0,3.0,29.376,33.764,36.889,HARD,22.0,Alpine,8.0
OCO,31, 00:01:39.640,35.0,3.0,28.975,33.685,37.328,HARD,23.0,Alpine,9.0
OCO,31, 00:01:40.334,36.0,3.0,28.991,34.026,37.401,HARD,24.0,Alpine,10.0
OCO,31, 00:01:39.508,37.0,3.0,28.805,33.628,37.213,HARD,25.0,Alpine,11.0
OCO,31, 00:01:39.605,38.0,3.0,28.622,33.728,36.99,HARD,26.0,Alpine,11.0
OCO,31, 00:01:39.576,39.0,3.0,28.846,33.578,37.491,HARD,27.0,Alpine,12.0
OCO,31, 00:01:39.823,40.0,3.0,28.702,33.522,37.463,HARD,28.0,Alpine,13.0
OCO,31, 00:01:39.919,41.0,3.0,28.908,33.437,37.608,HARD,29.0,Alpine,14.0
OCO,31, 00:01:38.799,42.0,3.0,29.037,33.403,36.761,HARD,30.0,Alpine,14.0
OCO,31, 00:01:38.783,43.0,3.0,29.51,33.316,36.928,HARD,31.0,Alpine,14.0
OCO,31, 00:01:38.928,44.0,3.0,29.719,33.233,37.188,HARD,32.0,Alpine,15.0
OCO,31, 00:01:43.454,45.0,3.0,30.22,33.201,41.788,HARD,33.0,Alpine,16.0
OCO,31, 00:01:54.485,46.0,4.0,29.542,32.035,36.584,SOFT,1.0,Alpine,17.0
OCO,31, 00:01:36.511,47.0,4.0,29.931,32.38,36.419,SOFT,2.0,Alpine,17.0
OCO,31, 00:01:36.649,48.0,4.0,30.499,32.524,36.43,SOFT,3.0,Alpine,17.0
OCO,31, 00:01:37.563,49.0,4.0,44.967,32.965,36.674,SOFT,4.0,Alpine,17.0
BOT,77, 00:01:54.609,1.0,1.0,28.755,36.886,38.405,HARD,1.0,Kick Sauber,19.0
BOT,77, 00:01:42.556,2.0,1.0,28.718,34.984,37.252,HARD,2.0,Kick Sauber,19.0
BOT,77, 00:01:40.669,3.0,1.0,28.323,34.061,37.232,HARD,3.0,Kick Sauber,19.0
BOT,77, 00:01:40.459,4.0,1.0,28.475,34.162,37.322,HARD,4.0,Kick Sauber,18.0
BOT,77, 00:01:39.498,5.0,1.0,28.426,33.601,36.906,HARD,5.0,Kick Sauber,18.0
BOT,77, 00:01:39.750,6.0,1.0,28.204,33.716,37.229,HARD,6.0,Kick Sauber,18.0
BOT,77, 00:01:39.581,7.0,1.0,28.834,33.734,37.225,HARD,7.0,Kick Sauber,18.0
BOT,77, 00:01:39.930,8.0,1.0,28.627,33.875,37.209,HARD,8.0,Kick Sauber,18.0
BOT,77, 00:01:39.566,9.0,1.0,28.43,33.704,37.16,HARD,9.0,Kick Sauber,16.0
BOT,77, 00:01:39.756,10.0,1.0,28.211,33.725,37.123,HARD,10.0,Kick Sauber,14.0
BOT,77, 00:01:40.916,11.0,1.0,28.107,34.617,37.262,HARD,11.0,Kick Sauber,8.0
BOT,77, 00:01:41.845,12.0,1.0,28.532,35.184,37.151,HARD,12.0,Kick Sauber,7.0
BOT,77, 00:01:42.690,13.0,1.0,28.715,35.908,37.063,HARD,13.0,Kick Sauber,10.0
BOT,77, 00:01:42.256,14.0,1.0,28.863,34.817,37.219,HARD,14.0,Kick Sauber,10.0
BOT,77, 00:01:42.233,15.0,1.0,28.893,34.921,37.77,HARD,15.0,Kick Sauber,10.0
BOT,77, 00:01:43.358,16.0,1.0,29.042,35.366,38.061,HARD,16.0,Kick Sauber,11.0
BOT,77, 00:01:47.928,17.0,1.0,30.432,34.88,42.549,HARD,17.0,Kick Sauber,16.0
BOT,77, 00:01:55.486,18.0,2.0,46.24,33.107,37.412,MEDIUM,1.0,Kick Sauber,19.0
BOT,77, 00:01:39.697,19.0,2.0,28.083,33.765,37.177,MEDIUM,2.0,Kick Sauber,19.0
BOT,77, 00:01:39.349,20.0,2.0,27.653,33.376,37.255,MEDIUM,3.0,Kick Sauber,19.0
BOT,77, 00:01:39.342,21.0,2.0,27.462,33.63,37.389,MEDIUM,4.0,Kick Sauber,19.0
BOT,77, 00:01:39.177,22.0,2.0,29.896,33.467,37.235,MEDIUM,5.0,Kick Sauber,19.0
BOT,77, 00:01:39.193,23.0,2.0,28.004,33.615,37.152,MEDIUM,6.0,Kick Sauber,19.0
BOT,77, 00:01:38.631,24.0,2.0,27.558,33.398,37.029,MEDIUM,7.0,Kick Sauber,19.0
BOT,77, 00:01:39.697,25.0,2.0,27.813,33.648,37.215,MEDIUM,8.0,Kick Sauber,19.0
BOT,77, 00:01:38.693,26.0,2.0,27.422,33.048,37.018,MEDIUM,9.0,Kick Sauber,18.0
BOT,77, 00:01:38.676,27.0,2.0,27.66,33.239,37.007,MEDIUM,10.0,Kick Sauber,17.0
BOT,77, 00:01:38.594,28.0,2.0,27.548,33.522,36.861,MEDIUM,11.0,Kick Sauber,17.0
BOT,77, 00:01:38.756,29.0,2.0,27.566,33.473,37.176,MEDIUM,12.0,Kick Sauber,16.0
BOT,77, 00:01:39.452,30.0,2.0,28.147,33.653,37.267,MEDIUM,13.0,Kick Sauber,16.0
BOT,77, 00:01:40.085,31.0,2.0,28.56,33.659,37.711,MEDIUM,14.0,Kick Sauber,16.0
BOT,77, 00:01:40.589,32.0,2.0,30.904,33.785,37.941,MEDIUM,15.0,Kick Sauber,17.0
BOT,77, 00:01:40.195,33.0,2.0,29.324,33.829,37.473,MEDIUM,16.0,Kick Sauber,17.0
BOT,77, 00:01:40.828,34.0,2.0,29.002,34.367,37.419,MEDIUM,17.0,Kick Sauber,17.0
BOT,77, 00:01:47.595,35.0,2.0,28.847,34.841,42.322,MEDIUM,18.0,Kick Sauber,18.0
BOT,77, 00:01:57.069,36.0,3.0,28.685,33.312,37.517,HARD,1.0,Kick Sauber,18.0
BOT,77, 00:01:37.506,37.0,3.0,28.569,32.339,37.084,HARD,2.0,Kick Sauber,18.0
BOT,77, 00:01:37.092,38.0,3.0,29.039,32.384,37.055,HARD,3.0,Kick Sauber,18.0
BOT,77, 00:01:36.890,39.0,3.0,28.804,32.3,37.128,HARD,4.0,Kick Sauber,18.0
BOT,77, 00:01:39.608,40.0,3.0,45.463,32.362,36.841,HARD,5.0,Kick Sauber,18.0
BOT,77, 00:01:38.300,41.0,3.0,28.791,33.23,37.066,HARD,6.0,Kick Sauber,18.0
BOT,77, 00:01:38.341,42.0,3.0,28.799,33.137,37.646,HARD,7.0,Kick Sauber,18.0
BOT,77, 00:01:37.062,43.0,3.0,28.235,32.537,36.712,HARD,8.0,Kick Sauber,18.0
BOT,77, 00:01:36.621,44.0,3.0,28.256,32.617,36.582,HARD,9.0,Kick Sauber,18.0
BOT,77, 00:01:36.762,45.0,3.0,28.246,31.959,36.625,HARD,10.0,Kick Sauber,18.0
BOT,77, 00:01:36.601,46.0,3.0,28.378,32.307,36.746,HARD,11.0,Kick Sauber,18.0
BOT,77, 00:01:36.728,47.0,3.0,29.332,32.35,36.812,HARD,12.0,Kick Sauber,18.0
BOT,77, 00:01:38.301,48.0,3.0,28.587,33.0,37.154,HARD,13.0,Kick Sauber,18.0
BOT,77, 00:01:38.738,49.0,3.0,28.347,32.974,37.204,HARD,14.0,Kick Sauber,18.0
ALB,23, 00:01:53.147,1.0,1.0,28.121,36.196,38.192,MEDIUM,1.0,Williams,16.0
ALB,23, 00:01:42.776,2.0,1.0,28.052,34.613,37.259,MEDIUM,2.0,Williams,17.0
ALB,23, 00:01:40.535,3.0,1.0,28.134,34.081,37.13,MEDIUM,3.0,Williams,17.0
ALB,23, 00:01:40.351,4.0,1.0,28.4,34.079,37.27,MEDIUM,4.0,Williams,16.0
ALB,23, 00:01:39.537,5.0,1.0,28.419,33.506,37.184,MEDIUM,5.0,Williams,16.0
ALB,23, 00:01:38.803,6.0,1.0,28.762,33.264,36.854,MEDIUM,6.0,Williams,16.0
ALB,23, 00:01:39.597,7.0,1.0,29.441,33.518,37.51,MEDIUM,7.0,Williams,16.0
ALB,23, 00:01:39.714,8.0,1.0,28.763,33.603,37.072,MEDIUM,8.0,Williams,16.0
ALB,23, 00:01:44.883,9.0,1.0,28.637,33.878,42.201,MEDIUM,9.0,Williams,18.0
ALB,23, 00:01:56.773,10.0,2.0,28.941,33.867,37.443,HARD,1.0,Williams,19.0
ALB,23, 00:01:39.066,11.0,2.0,28.912,33.358,36.917,HARD,2.0,Williams,19.0
ALB,23, 00:01:39.211,12.0,2.0,28.857,33.318,37.094,HARD,3.0,Williams,17.0
ALB,23, 00:01:38.600,13.0,2.0,28.88,33.285,37.08,HARD,4.0,Williams,16.0
ALB,23, 00:01:38.768,14.0,2.0,30.062,33.371,37.141,HARD,5.0,Williams,16.0
ALB,23, 00:01:38.866,15.0,2.0,29.006,33.369,37.251,HARD,6.0,Williams,14.0
ALB,23, 00:01:39.506,16.0,2.0,46.394,33.758,37.37,HARD,7.0,Williams,13.0
ALB,23, 00:01:40.510,17.0,2.0,28.946,34.044,37.134,HARD,8.0,Williams,11.0
ALB,23, 00:01:38.525,18.0,2.0,28.549,33.215,36.723,HARD,9.0,Williams,9.0
ALB,23, 00:01:38.660,19.0,2.0,28.654,33.039,37.274,HARD,10.0,Williams,9.0
ALB,23, 00:01:38.046,20.0,2.0,29.933,32.994,36.931,HARD,11.0,Williams,9.0
ALB,23, 00:01:38.008,21.0,2.0,28.980,32.971,36.985,HARD,12.0,Williams,9.0
ALB,23, 00:01:39.147,22.0,2.0,30.778,33.306,37.707,HARD,13.0,Williams,10.0
ALB,23, 00:01:39.713,23.0,2.0,30.796,34.08,37.233,HARD,14.0,Williams,10.0
ALB,23, 00:01:40.174,24.0,2.0,30.707,33.962,37.793,HARD,15.0,Williams,10.0
ALB,23, 00:01:49.105,25.0,2.0,30.696,34.058,46.285,HARD,16.0,Williams,14.0
GAS,10, 00:01:45.330,1.0,1.0,30.825,34.078,37.211,MEDIUM,1.0,Alpine,4.0
GAS,10, 00:01:39.956,2.0,1.0,30.829,33.48,37.035,MEDIUM,2.0,Alpine,4.0
GAS,10, 00:01:39.234,3.0,1.0,31.016,33.421,37.05,MEDIUM,3.0,Alpine,4.0
GAS,10, 00:01:39.635,4.0,1.0,31.210,33.332,37.666,MEDIUM,4.0,Alpine,5.0
GAS,10, 00:01:39.240,5.0,1.0,31.164,33.248,37.051,MEDIUM,5.0,Alpine,5.0
GAS,10, 00:01:39.408,6.0,1.0,31.222,33.361,37.135,MEDIUM,6.0,Alpine,5.0
GAS,10, 00:01:39.668,7.0,1.0,31.387,33.553,37.258,MEDIUM,7.0,Alpine,5.0
GAS,10, 00:01:41.258,8.0,1.0,29.972,33.967,38.411,MEDIUM,8.0,Alpine,6.0
GAS,10, 00:01:41.862,9.0,1.0,30.160,34.253,37.547,MEDIUM,9.0,Alpine,4.0
GAS,10, 00:01:46.263,10.0,1.0,30.402,34.44,42.817,MEDIUM,10.0,Alpine,9.0
GAS,10, 00:01:56.714,11.0,2.0,30.630,33.574,36.746,HARD,1.0,Alpine,16.0
GAS,10, 00:01:38.621,12.0,2.0,30.747,33.114,36.561,HARD,2.0,Alpine,13.0
GAS,10, 00:01:38.314,13.0,2.0,30.966,33.057,36.708,HARD,3.0,Alpine,13.0
GAS,10, 00:01:40.248,14.0,2.0,30.893,34.107,37.487,HARD,4.0,Alpine,13.0
GAS,10, 00:01:51.222,15.0,2.0,30.835,34.781,46.508,HARD,5.0,Alpine,18.0
