Id;Time;Driver;DriverNumber;LapTime;LapNumber;Stint;Sector1Time;Sector2Time;Sector3Time;Compound;TyreLife;FreshTyre;Team;Position
0; 01:04:51.506;VER;1; 00:02:10.735;1.0;1.0;34.772;64.045;31.458;MEDIUM;1.0;True;Red Bull Racing;1.0
1; 01:33:22.630;VER;1; 00:02:02.735;2.0;2.0;34.772;56.617;39.032;MEDIUM;2.0;False;Red Bull Racing;1.0
2; 01:36:15.449;VER;1; 00:01:36.472;3.0;2.0;34.772;42.768;18.603;MEDIUM;3.0;False;Red Bull Racing;1.0
3; 01:37:51.921;VER;1; 00:01:36.472;4.0;2.0;34.772;43.042;18.658;MEDIUM;4.0;False;Red Bull Racing;1.0
4; 01:39:28.358;VER;1; 00:01:36.437;5.0;2.0;34.69;43.035;18.712;MEDIUM;5.0;False;Red Bull Racing;1.0
5; 01:41:05.213;VER;1; 00:01:36.855;6.0;2.0;34.965;43.196;18.694;MEDIUM;6.0;False;Red Bull Racing;1.0
6; 01:42:42.183;VER;1; 00:01:36.970;7.0;2.0;34.987;43.3;18.683;MEDIUM;7.0;False;Red Bull Racing;1.0
7; 01:44:19.512;VER;1; 00:01:37.329;8.0;2.0;35.112;43.412;18.805;MEDIUM;8.0;False;Red Bull Racing;1.0
8; 01:45:56.690;VER;1; 00:01:37.178;9.0;2.0;35.132;43.298;18.748;MEDIUM;9.0;False;Red Bull Racing;1.0
9; 01:47:34.280;VER;1; 00:01:37.590;10.0;2.0;35.45;43.353;18.787;MEDIUM;10.0;False;Red Bull Racing;1.0
10; 01:49:12.054;VER;1; 00:01:37.774;11.0;2.0;35.32;43.622;18.832;MEDIUM;11.0;False;Red Bull Racing;1.0
11; 01:50:49.807;VER;1; 00:01:37.753;12.0;2.0;35.415;43.468;18.87;MEDIUM;12.0;False;Red Bull Racing;1.0
12; 01:52:27.534;VER;1; 00:01:37.727;13.0;2.0;35.365;43.511;18.851;MEDIUM;13.0;False;Red Bull Racing;1.0
13; 01:54:05.444;VER;1; 00:01:37.910;14.0;2.0;35.432;43.612;18.866;MEDIUM;14.0;False;Red Bull Racing;1.0
14; 01:55:43.298;VER;1; 00:01:37.854;15.0;2.0;35.465;43.565;18.824;MEDIUM;15.0;False;Red Bull Racing;1.0
15; 01:57:23.570;VER;1; 00:01:40.272;16.0;2.0;35.594;43.595;21.083;MEDIUM;16.0;False;Red Bull Racing;1.0
16; 01:59:20.048;VER;1; 00:01:56.478;17.0;3.0;54.634;43.113;18.731;MEDIUM;1.0;True;Red Bull Racing;2.0
17; 02:00:56.870;VER;1; 00:01:36.822;18.0;3.0;34.981;43.108;18.733;MEDIUM;2.0;True;Red Bull Racing;2.0
18; 02:02:33.122;VER;1; 00:01:36.252;19.0;3.0;34.857;42.769;18.626;MEDIUM;3.0;True;Red Bull Racing;2.0
19; 02:04:09.524;VER;1; 00:01:36.402;20.0;3.0;34.885;42.974;18.543;MEDIUM;4.0;True;Red Bull Racing;2.0
20; 02:05:45.141;VER;1; 00:01:35.617;21.0;3.0;34.242;42.833;18.542;MEDIUM;5.0;True;Red Bull Racing;1.0
21; 02:07:21.525;VER;1; 00:01:36.384;22.0;3.0;34.914;42.902;18.568;MEDIUM;6.0;True;Red Bull Racing;1.0
22; 02:08:57.730;VER;1; 00:01:36.205;23.0;3.0;34.81;42.855;18.54;MEDIUM;7.0;True;Red Bull Racing;1.0
23; 02:10:34.262;VER;1; 00:01:36.532;24.0;3.0;34.895;43.008;18.629;MEDIUM;8.0;True;Red Bull Racing;1.0
24; 02:12:10.599;VER;1; 00:01:36.337;25.0;3.0;34.677;43.075;18.585;MEDIUM;9.0;True;Red Bull Racing;1.0
25; 02:13:47.036;VER;1; 00:01:36.437;26.0;3.0;34.874;42.952;18.611;MEDIUM;10.0;True;Red Bull Racing;1.0
26; 02:15:23.690;VER;1; 00:01:36.654;27.0;3.0;34.936;42.975;18.743;MEDIUM;11.0;True;Red Bull Racing;1.0
27; 02:17:00.186;VER;1; 00:01:36.496;28.0;3.0;34.883;43.01;18.603;MEDIUM;12.0;True;Red Bull Racing;1.0
28; 02:18:36.841;VER;1; 00:01:36.655;29.0;3.0;35.02;43.016;18.619;MEDIUM;13.0;True;Red Bull Racing;1.0
29; 02:20:13.690;VER;1; 00:01:36.849;30.0;3.0;35.05;43.132;18.667;MEDIUM;14.0;True;Red Bull Racing;1.0
30; 02:21:50.451;VER;1; 00:01:36.761;31.0;3.0;34.998;43.147;18.616;MEDIUM;15.0;True;Red Bull Racing;1.0
31; 02:23:27.371;VER;1; 00:01:36.920;32.0;3.0;35.134;43.092;18.694;MEDIUM;16.0;True;Red Bull Racing;1.0
32; 02:25:04.419;VER;1; 00:01:37.048;33.0;3.0;35.182;43.181;18.685;MEDIUM;17.0;True;Red Bull Racing;1.0
33; 02:26:43.645;VER;1; 00:01:39.226;34.0;3.0;35.038;43.228;20.96;MEDIUM;18.0;True;Red Bull Racing;1.0
34; 02:28:39.148;VER;1; 00:01:55.503;35.0;4.0;54.547;42.486;18.47;HARD;1.0;True;Red Bull Racing;2.0
35; 02:30:13.767;VER;1; 00:01:34.619;36.0;4.0;34.203;42.165;18.251;HARD;2.0;True;Red Bull Racing;1.0
36; 02:31:48.737;VER;1; 00:01:34.970;37.0;4.0;34.373;42.368;18.229;HARD;3.0;True;Red Bull Racing;1.0
37; 02:33:23.723;VER;1; 00:01:34.986;38.0;4.0;34.217;42.272;18.497;HARD;4.0;True;Red Bull Racing;1.0
38; 02:34:58.217;VER;1; 00:01:34.494;39.0;4.0;34.097;42.145;18.252;HARD;5.0;True;Red Bull Racing;1.0
39; 02:36:32.560;VER;1; 00:01:34.343;40.0;4.0;33.952;42.124;18.267;HARD;6.0;True;Red Bull Racing;1.0
40; 02:38:06.833;VER;1; 00:01:34.273;41.0;4.0;33.997;42.069;18.207;HARD;7.0;True;Red Bull Racing;1.0
41; 02:39:41.798;VER;1; 00:01:34.965;42.0;4.0;33.901;42.756;18.308;HARD;8.0;True;Red Bull Racing;1.0
42; 02:41:16.101;VER;1; 00:01:34.303;43.0;4.0;33.837;42.139;18.327;HARD;9.0;True;Red Bull Racing;1.0
43; 02:42:50.556;VER;1; 00:01:34.455;44.0;4.0;33.813;42.303;18.339;HARD;10.0;True;Red Bull Racing;1.0
44; 02:44:25.162;VER;1; 00:01:34.606;45.0;4.0;34.085;42.138;18.383;HARD;11.0;True;Red Bull Racing;1.0
45; 02:45:59.772;VER;1; 00:01:34.610;46.0;4.0;34.073;42.272;18.265;HARD;12.0;True;Red Bull Racing;1.0
46; 02:47:34.885;VER;1; 00:01:35.113;47.0;4.0;34.21;42.527;18.376;HARD;13.0;True;Red Bull Racing;1.0
47; 02:49:10.635;VER;1; 00:01:35.750;48.0;4.0;34.496;42.871;18.383;HARD;14.0;True;Red Bull Racing;1.0
48; 02:50:45.520;VER;1; 00:01:34.885;49.0;4.0;34.097;42.487;18.301;HARD;15.0;True;Red Bull Racing;1.0
49; 02:52:19.226;VER;1; 00:01:33.706;50.0;4.0;33.404;42.141;18.161;HARD;16.0;True;Red Bull Racing;1.0
50; 02:53:53.994;VER;1; 00:01:34.768;51.0;4.0;33.964;42.405;18.399;HARD;17.0;True;Red Bull Racing;1.0
51; 02:55:28.964;VER;1; 00:01:34.970;52.0;4.0;34.158;42.422;18.39;HARD;18.0;True;Red Bull Racing;1.0
52; 02:57:04.227;VER;1; 00:01:35.263;53.0;4.0;34.299;42.417;18.547;HARD;19.0;True;Red Bull Racing;1.0
53; 01:04:53.504;PER;11; 00:02:12.767;1.0;1.0;34694;65.032;31.841;MEDIUM;1.0;True;Red Bull Racing;4.0
54; 01:33:24.869;PER;11; 00:01:36.573;2.0;2.0;34694;56.894;40.221;MEDIUM;2.0;False;Red Bull Racing;2.0
55; 01:36:16.440;PER;11; 00:01:36.573;3.0;2.0;34694;42.877;18.696;MEDIUM;3.0;False;Red Bull Racing;2.0
56; 01:37:53.013;PER;11; 00:01:36.573;4.0;2.0;34.694;43.203;18.676;MEDIUM;4.0;False;Red Bull Racing;2.0
57; 01:39:29.581;PER;11; 00:01:36.568;5.0;2.0;34.558;43.311;18.699;MEDIUM;5.0;False;Red Bull Racing;2.0
58; 01:41:07.274;PER;11; 00:01:37.693;6.0;2.0;35.008;43.981;18.704;MEDIUM;6.0;False;Red Bull Racing;2.0
59; 01:42:44.582;PER;11; 00:01:37.308;7.0;2.0;35.091;43.396;18.821;MEDIUM;7.0;False;Red Bull Racing;2.0
60; 01:44:21.802;PER;11; 00:01:37.220;8.0;2.0;35.093;43.381;18.746;MEDIUM;8.0;False;Red Bull Racing;2.0
61; 01:45:59.640;PER;11; 00:01:37.838;9.0;2.0;35.37;43.6;18.868;MEDIUM;9.0;False;Red Bull Racing;2.0
62; 01:47:37.566;PER;11; 00:01:37.926;10.0;2.0;35.593;43.554;18.779;MEDIUM;10.0;False;Red Bull Racing;2.0
63; 01:49:15.782;PER;11; 00:01:38.216;11.0;2.0;35.512;43.802;18.902;MEDIUM;11.0;False;Red Bull Racing;2.0
64; 01:50:53.938;PER;11; 00:01:38.156;12.0;2.0;35.539;43.77;18.847;MEDIUM;12.0;False;Red Bull Racing;2.0
65; 01:52:32.063;PER;11; 00:01:38.125;13.0;2.0;35.462;43.857;18.806;MEDIUM;13.0;False;Red Bull Racing;2.0
66; 01:54:10.568;PER;11; 00:01:38.505;14.0;2.0;35.721;43.889;18.895;MEDIUM;14.0;False;Red Bull Racing;2.0
67; 01:55:51.474;PER;11; 00:01:40.906;15.0;2.0;35.617;43.864;21.425;MEDIUM;15.0;False;Red Bull Racing;2.0
68; 01:57:46.300;PER;11; 00:01:54.826;16.0;3.0;53.869;42.481;18.476;MEDIUM;1.0;True;Red Bull Racing;6.0
69; 01:59:23.728;PER;11; 00:01:37.428;17.0;3.0;34.678;43.951;18.799;MEDIUM;2.0;True;Red Bull Racing;5.0
70; 02:01:01.572;PER;11; 00:01:37.844;18.0;3.0;35.342;43.801;18.701;MEDIUM;3.0;True;Red Bull Racing;4.0
71; 02:02:38.008;PER;11; 00:01:36.436;19.0;3.0;34.925;42.989;18.522;MEDIUM;4.0;True;Red Bull Racing;4.0
72; 02:04:14.214;PER;11; 00:01:36.206;20.0;3.0;34.808;42.946;18.452;MEDIUM;5.0;True;Red Bull Racing;4.0
73; 02:05:50.772;PER;11; 00:01:36.558;21.0;3.0;34.994;43.049;18.515;MEDIUM;6.0;True;Red Bull Racing;4.0
74; 02:07:28.036;PER;11; 00:01:37.264;22.0;3.0;34.92;43.437;18.907;MEDIUM;7.0;True;Red Bull Racing;3.0
75; 02:09:04.692;PER;11; 00:01:36.656;23.0;3.0;34.723;43.265;18.668;MEDIUM;8.0;True;Red Bull Racing;3.0
76; 02:10:41.613;PER;11; 00:01:36.921;24.0;3.0;34.839;43.391;18.691;MEDIUM;9.0;True;Red Bull Racing;3.0
77; 02:12:19.373;PER;11; 00:01:37.760;25.0;3.0;35.304;43.717;18.739;MEDIUM;10.0;True;Red Bull Racing;3.0
78; 02:13:57.062;PER;11; 00:01:37.689;26.0;3.0;35.496;43.536;18.657;MEDIUM;11.0;True;Red Bull Racing;2.0
79; 02:15:33.905;PER;11; 00:01:36.843;27.0;3.0;34.947;43.279;18.617;MEDIUM;12.0;True;Red Bull Racing;2.0
80; 02:17:10.638;PER;11; 00:01:36.733;28.0;3.0;34.875;43.263;18.595;MEDIUM;13.0;True;Red Bull Racing;2.0
81; 02:18:47.607;PER;11; 00:01:36.969;29.0;3.0;35.035;43.263;18.671;MEDIUM;14.0;True;Red Bull Racing;2.0
82; 02:20:24.704;PER;11; 00:01:37.097;30.0;3.0;35.201;43.289;18.607;MEDIUM;15.0;True;Red Bull Racing;2.0
83; 02:22:01.822;PER;11; 00:01:37.118;31.0;3.0;35.15;43.356;18.612;MEDIUM;16.0;True;Red Bull Racing;2.0
84; 02:23:38.928;PER;11; 00:01:37.106;32.0;3.0;35.061;43.365;18.68;MEDIUM;17.0;True;Red Bull Racing;2.0
85; 02:25:18.337;PER;11; 00:01:39.409;33.0;3.0;35.006;43.257;21.146;MEDIUM;18.0;True;Red Bull Racing;2.0
86; 02:27:13.283;PER;11; 00:01:54.946;34.0;4.0;53.934;42.674;18.338;HARD;1.0;True;Red Bull Racing;5.0
87; 02:28:47.228;PER;11; 00:01:33.945;35.0;4.0;33.433;42.191;18.321;HARD;2.0;True;Red Bull Racing;4.0
88; 02:30:21.707;PER;11; 00:01:34.479;36.0;4.0;33.662;42.278;18.539;HARD;3.0;True;Red Bull Racing;3.0
89; 02:31:56.515;PER;11; 00:01:34.808;37.0;4.0;34.02;42.307;18.481;HARD;4.0;True;Red Bull Racing;2.0
90; 02:33:31.760;PER;11; 00:01:35.245;38.0;4.0;34.413;42.385;18.447;HARD;5.0;True;Red Bull Racing;2.0
91; 02:35:06.750;PER;11; 00:01:34.990;39.0;4.0;34.223;42.294;18.473;HARD;6.0;True;Red Bull Racing;2.0
92; 02:36:41.488;PER;11; 00:01:34.738;40.0;4.0;34.051;42.417;18.27;HARD;7.0;True;Red Bull Racing;2.0
93; 02:38:16.518;PER;11; 00:01:35.030;41.0;4.0;34.136;42.423;18.471;HARD;8.0;True;Red Bull Racing;2.0
94; 02:39:51.951;PER;11; 00:01:35.433;42.0;4.0;34.02;43.077;18.336;HARD;9.0;True;Red Bull Racing;2.0
95; 02:41:27.050;PER;11; 00:01:35.099;43.0;4.0;33.973;42.725;18.401;HARD;10.0;True;Red Bull Racing;2.0
96; 02:43:01.751;PER;11; 00:01:34.701;44.0;4.0;34.015;42.339;18.347;HARD;11.0;True;Red Bull Racing;2.0
97; 02:44:36.747;PER;11; 00:01:34.996;45.0;4.0;34.1;42.464;18.432;HARD;12.0;True;Red Bull Racing;2.0
98; 02:46:11.497;PER;11; 00:01:34.750;46.0;4.0;33.927;42.397;18.426;HARD;13.0;True;Red Bull Racing;2.0
99; 02:47:46.553;PER;11; 00:01:35.056;47.0;4.0;34.058;42.474;18.524;HARD;14.0;True;Red Bull Racing;2.0
100; 02:49:21.936;PER;11; 00:01:35.383;48.0;4.0;34.198;42.525;18.66;HARD;15.0;True;Red Bull Racing;2.0
101; 02:50:56.971;PER;11; 00:01:35.035;49.0;4.0;34.003;42.537;18.495;HARD;16.0;True;Red Bull Racing;2.0
102; 02:52:32.215;PER;11; 00:01:35.244;50.0;4.0;34.117;42.587;18.54;HARD;17.0;True;Red Bull Racing;2.0
103; 02:54:07.105;PER;11; 00:01:34.890;51.0;4.0;33.957;42.55;18.383;HARD;18.0;True;Red Bull Racing;2.0
104; 02:55:42.034;PER;11; 00:01:34.929;52.0;4.0;34.13;42.407;18.392;HARD;19.0;True;Red Bull Racing;2.0
105; 02:57:16.762;PER;11; 00:01:34.728;53.0;4.0;33.931;42.384;18.413;HARD;20.0;True;Red Bull Racing;2.0
106; 01:04:58.353;SAI;55; 00:02:17.613;1.0;1.0;35406;67.997;32.076;MEDIUM;1.0;True;Ferrari;6.0
107; 01:33:30.557;SAI;55; 00:01:37.225;2.0;2.0;35406;55.565;41.069;MEDIUM;1.0;True;Ferrari;4.0
108; 01:36:17.814;SAI;55; 00:01:37.225;3.0;2.0;35406;43.105;18.553;MEDIUM;2.0;True;Ferrari;4.0
109; 01:37:55.039;SAI;55; 00:01:37.225;4.0;2.0;35.406;43.259;18.56;MEDIUM;3.0;True;Ferrari;4.0
110; 01:39:32.361;SAI;55; 00:01:37.322;5.0;2.0;35.099;43.533;18.69;MEDIUM;4.0;True;Ferrari;4.0
111; 01:41:10.082;SAI;55; 00:01:37.721;6.0;2.0;35.423;43.562;18.736;MEDIUM;5.0;True;Ferrari;4.0
112; 01:42:47.838;SAI;55; 00:01:37.756;7.0;2.0;35.53;43.673;18.553;MEDIUM;6.0;True;Ferrari;4.0
113; 01:44:25.574;SAI;55; 00:01:37.736;8.0;2.0;35.544;43.61;18.582;MEDIUM;7.0;True;Ferrari;4.0
114; 01:46:03.554;SAI;55; 00:01:37.980;9.0;2.0;35.633;43.626;18.721;MEDIUM;8.0;True;Ferrari;4.0
115; 01:47:41.858;SAI;55; 00:01:38.304;10.0;2.0;35.782;43.746;18.776;MEDIUM;9.0;True;Ferrari;4.0
116; 01:49:20.131;SAI;55; 00:01:38.273;11.0;2.0;35.648;43.93;18.695;MEDIUM;10.0;True;Ferrari;3.0
117; 01:50:57.978;SAI;55; 00:01:37.847;12.0;2.0;35.511;43.617;18.719;MEDIUM;11.0;True;Ferrari;3.0
118; 01:52:36.311;SAI;55; 00:01:38.333;13.0;2.0;35.776;43.833;18.724;MEDIUM;12.0;True;Ferrari;3.0
119; 01:54:14.815;SAI;55; 00:01:38.504;14.0;2.0;35.794;43.861;18.849;MEDIUM;13.0;True;Ferrari;3.0
120; 01:55:55.254;SAI;55; 00:01:40.439;15.0;2.0;35.661;43.689;21.089;MEDIUM;14.0;True;Ferrari;3.0
121; 01:57:51.413;SAI;55; 00:01:56.159;16.0;3.0;54.516;43.041;18.602;MEDIUM;2.0;False;Ferrari;7.0
122; 01:59:27.882;SAI;55; 00:01:36.469;17.0;3.0;35.106;42.875;18.488;MEDIUM;3.0;False;Ferrari;7.0
123; 02:01:04.580;SAI;55; 00:01:36.698;18.0;3.0;35.072;43.179;18.447;MEDIUM;4.0;False;Ferrari;7.0
124; 02:02:42.366;SAI;55; 00:01:37.786;19.0;3.0;35.622;43.58;18.584;MEDIUM;5.0;False;Ferrari;6.0
125; 02:04:19.680;SAI;55; 00:01:37.314;20.0;3.0;35.072;43.475;18.767;MEDIUM;6.0;False;Ferrari;6.0
126; 02:05:57.675;SAI;55; 00:01:37.995;21.0;3.0;35.98;43.429;18.586;MEDIUM;7.0;False;Ferrari;5.0
127; 02:07:34.250;SAI;55; 00:01:36.575;22.0;3.0;34.861;43.148;18.566;MEDIUM;8.0;False;Ferrari;5.0
128; 02:09:11.029;SAI;55; 00:01:36.779;23.0;3.0;34.988;43.269;18.522;MEDIUM;9.0;False;Ferrari;5.0
129; 02:10:47.834;SAI;55; 00:01:36.805;24.0;3.0;35.02;43.226;18.559;MEDIUM;10.0;False;Ferrari;5.0
130; 02:12:24.779;SAI;55; 00:01:36.945;25.0;3.0;35.0;43.395;18.55;MEDIUM;11.0;False;Ferrari;5.0
131; 02:14:01.916;SAI;55; 00:01:37.137;26.0;3.0;35.136;43.448;18.553;MEDIUM;12.0;False;Ferrari;3.0
132; 02:15:38.984;SAI;55; 00:01:37.068;27.0;3.0;35.134;43.321;18.613;MEDIUM;13.0;False;Ferrari;3.0
133; 02:17:15.829;SAI;55; 00:01:36.845;28.0;3.0;35.048;43.195;18.602;MEDIUM;14.0;False;Ferrari;3.0
134; 02:18:53.005;SAI;55; 00:01:37.176;29.0;3.0;35.255;43.195;18.726;MEDIUM;15.0;False;Ferrari;3.0
135; 02:20:30.015;SAI;55; 00:01:37.010;30.0;3.0;35.234;43.204;18.572;MEDIUM;16.0;False;Ferrari;3.0
136; 02:22:06.916;SAI;55; 00:01:36.901;31.0;3.0;35.184;43.163;18.554;MEDIUM;17.0;False;Ferrari;3.0
137; 02:23:44.022;SAI;55; 00:01:37.106;32.0;3.0;35.216;43.238;18.652;MEDIUM;18.0;False;Ferrari;3.0
138; 02:25:21.255;SAI;55; 00:01:37.233;33.0;3.0;35.178;43.424;18.631;MEDIUM;19.0;False;Ferrari;3.0
139; 02:26:58.156;SAI;55; 00:01:36.901;34.0;3.0;35.252;43.177;18.472;MEDIUM;20.0;False;Ferrari;2.0
140; 02:28:35.104;SAI;55; 00:01:36.948;35.0;3.0;35.136;43.11;18.702;MEDIUM;21.0;False;Ferrari;1.0
141; 02:30:14.414;SAI;55; 00:01:39.310;36.0;3.0;35.183;43.17;20.957;MEDIUM;22.0;False;Ferrari;2.0
142; 02:32:09.477;SAI;55; 00:01:55.063;37.0;4.0;54.094;42.463;18.506;HARD;1.0;True;Ferrari;7.0
143; 02:33:43.472;SAI;55; 00:01:33.995;38.0;4.0;33.588;42.107;18.3;HARD;2.0;True;Ferrari;5.0
144; 02:35:17.891;SAI;55; 00:01:34.419;39.0;4.0;34.056;42.174;18.189;HARD;3.0;True;Ferrari;5.0
145; 02:36:52.287;SAI;55; 00:01:34.396;40.0;4.0;33.977;42.111;18.308;HARD;4.0;True;Ferrari;5.0
146; 02:38:27.150;SAI;55; 00:01:34.863;41.0;4.0;34.232;42.342;18.289;HARD;5.0;True;Ferrari;5.0
147; 02:40:02.443;SAI;55; 00:01:35.293;42.0;4.0;34.066;43.003;18.224;HARD;6.0;True;Ferrari;5.0
148; 02:41:37.193;SAI;55; 00:01:34.750;43.0;4.0;33.97;42.434;18.346;HARD;7.0;True;Ferrari;5.0
149; 02:43:11.529;SAI;55; 00:01:34.336;44.0;4.0;33.784;42.143;18.409;HARD;8.0;True;Ferrari;4.0
150; 02:44:46.535;SAI;55; 00:01:35.006;45.0;4.0;34.293;42.343;18.37;HARD;9.0;True;Ferrari;4.0
151; 02:46:20.376;SAI;55; 00:01:33.841;46.0;4.0;33.31;42.225;18.306;HARD;10.0;True;Ferrari;3.0
152; 02:47:55.439;SAI;55; 00:01:35.063;47.0;4.0;34.257;42.398;18.408;HARD;11.0;True;Ferrari;3.0
153; 02:49:30.401;SAI;55; 00:01:34.962;48.0;4.0;34.153;42.399;18.41;HARD;12.0;True;Ferrari;3.0
154; 02:51:05.153;SAI;55; 00:01:34.752;49.0;4.0;33.935;42.487;18.33;HARD;13.0;True;Ferrari;3.0
155; 02:52:39.789;SAI;55; 00:01:34.636;50.0;4.0;33.972;42.405;18.259;HARD;14.0;True;Ferrari;3.0
156; 02:54:14.666;SAI;55; 00:01:34.877;51.0;4.0;34.124;42.369;18.384;HARD;15.0;True;Ferrari;3.0
157; 02:55:49.869;SAI;55; 00:01:35.203;52.0;4.0;33.978;42.685;18.54;HARD;16.0;True;Ferrari;3.0
158; 02:57:25.093;SAI;55; 00:01:35.224;53.0;4.0;34.164;42.648;18.412;HARD;17.0;True;Ferrari;3.0
159; 01:05:15.209;LEC;16; 00:02:34.543;1.0;1.0;90624;77.828;37.701;MEDIUM;1.0;True;Ferrari;10.0
160; 01:33:46.870;LEC;16; 00:01:38.268;2.0;2.0;90624;47.727;46.919;MEDIUM;1.0;True;Ferrari;8.0
161; 01:36:19.875;LEC;16; 00:01:38.268;3.0;2.0;90.624;43.564;18.878;MEDIUM;2.0;True;Ferrari;7.0
162; 01:37:58.143;LEC;16; 00:01:38.268;4.0;2.0;35.805;43.656;18.807;MEDIUM;3.0;True;Ferrari;7.0
163; 01:39:35.955;LEC;16; 00:01:37.812;5.0;2.0;35.265;43.755;18.792;MEDIUM;4.0;True;Ferrari;7.0
164; 01:41:13.976;LEC;16; 00:01:38.021;6.0;2.0;35.45;43.788;18.783;MEDIUM;5.0;True;Ferrari;7.0
165; 01:42:52.163;LEC;16; 00:01:38.187;7.0;2.0;35.725;43.707;18.755;MEDIUM;6.0;True;Ferrari;7.0
166; 01:44:30.083;LEC;16; 00:01:37.920;8.0;2.0;35.499;43.706;18.715;MEDIUM;7.0;True;Ferrari;7.0
167; 01:46:08.296;LEC;16; 00:01:38.213;9.0;2.0;35.682;43.768;18.763;MEDIUM;8.0;True;Ferrari;7.0
168; 01:47:47.330;LEC;16; 00:01:39.034;10.0;2.0;36.074;44.059;18.901;MEDIUM;9.0;True;Ferrari;7.0
169; 01:49:26.523;LEC;16; 00:01:39.193;11.0;2.0;36.228;44.179;18.786;MEDIUM;10.0;True;Ferrari;7.0
170; 01:51:05.406;LEC;16; 00:01:38.883;12.0;2.0;35.996;43.969;18.918;MEDIUM;11.0;True;Ferrari;5.0
171; 01:52:43.885;LEC;16; 00:01:38.479;13.0;2.0;35.607;43.981;18.891;MEDIUM;12.0;True;Ferrari;4.0
172; 01:54:22.480;LEC;16; 00:01:38.595;14.0;2.0;35.883;43.792;18.92;MEDIUM;13.0;True;Ferrari;4.0
173; 01:56:00.652;LEC;16; 00:01:38.172;15.0;2.0;35.721;43.614;18.837;MEDIUM;14.0;True;Ferrari;4.0
174; 01:57:38.528;LEC;16; 00:01:37.876;16.0;2.0;35.533;43.482;18.861;MEDIUM;15.0;True;Ferrari;2.0
175; 01:59:16.384;LEC;16; 00:01:37.856;17.0;2.0;35.435;43.554;18.867;MEDIUM;16.0;True;Ferrari;1.0
176; 02:00:54.144;LEC;16; 00:01:37.760;18.0;2.0;35.551;43.501;18.708;MEDIUM;17.0;True;Ferrari;1.0
177; 02:02:31.667;LEC;16; 00:01:37.523;19.0;2.0;35.393;43.47;18.66;MEDIUM;18.0;True;Ferrari;1.0
178; 02:04:09.147;LEC;16; 00:01:37.480;20.0;2.0;35.344;43.542;18.594;MEDIUM;19.0;True;Ferrari;1.0
179; 02:05:47.350;LEC;16; 00:01:38.203;21.0;2.0;35.888;43.624;18.691;MEDIUM;20.0;True;Ferrari;2.0
180; 02:07:25.094;LEC;16; 00:01:37.744;22.0;2.0;35.399;43.593;18.752;MEDIUM;21.0;True;Ferrari;2.0
181; 02:09:02.849;LEC;16; 00:01:37.755;23.0;2.0;35.46;43.55;18.745;MEDIUM;22.0;True;Ferrari;2.0
182; 02:10:40.920;LEC;16; 00:01:38.071;24.0;2.0;35.654;43.621;18.796;MEDIUM;23.0;True;Ferrari;2.0
183; 02:12:18.838;LEC;16; 00:01:37.918;25.0;2.0;35.498;43.731;18.689;MEDIUM;24.0;True;Ferrari;2.0
184; 02:14:02.013;LEC;16; 00:01:43.175;26.0;2.0;35.536;46.559;21.08;MEDIUM;25.0;True;Ferrari;4.0
185; 02:15:57.636;LEC;16; 00:01:55.623;27.0;3.0;54.455;42.624;18.544;HARD;1.0;True;Ferrari;6.0
186; 02:17:33.726;LEC;16; 00:01:36.090;28.0;3.0;34.766;42.802;18.522;HARD;2.0;True;Ferrari;6.0
187; 02:19:10.083;LEC;16; 00:01:36.357;29.0;3.0;34.918;42.806;18.633;HARD;3.0;True;Ferrari;6.0
188; 02:20:46.308;LEC;16; 00:01:36.225;30.0;3.0;34.913;42.847;18.465;HARD;4.0;True;Ferrari;6.0
189; 02:22:22.509;LEC;16; 00:01:36.201;31.0;3.0;34.794;42.878;18.529;HARD;5.0;True;Ferrari;6.0
190; 02:23:58.653;LEC;16; 00:01:36.144;32.0;3.0;34.901;42.737;18.506;HARD;6.0;True;Ferrari;5.0
191; 02:25:34.531;LEC;16; 00:01:35.878;33.0;3.0;34.376;42.93;18.572;HARD;7.0;True;Ferrari;5.0
192; 02:27:10.851;LEC;16; 00:01:36.320;34.0;3.0;34.925;42.872;18.523;HARD;8.0;True;Ferrari;3.0
193; 02:28:46.907;LEC;16; 00:01:36.056;35.0;3.0;34.74;42.872;18.444;HARD;9.0;True;Ferrari;3.0
194; 02:30:23.588;LEC;16; 00:01:36.681;36.0;3.0;35.315;42.85;18.516;HARD;10.0;True;Ferrari;4.0
195; 02:31:59.723;LEC;16; 00:01:36.135;37.0;3.0;34.712;42.789;18.634;HARD;11.0;True;Ferrari;3.0
196; 02:33:35.752;LEC;16; 00:01:36.029;38.0;3.0;34.752;42.737;18.54;HARD;12.0;True;Ferrari;3.0
197; 02:35:11.445;LEC;16; 00:01:35.693;39.0;3.0;34.61;42.582;18.501;HARD;13.0;True;Ferrari;3.0
198; 02:36:47.786;LEC;16; 00:01:36.341;40.0;3.0;34.998;42.799;18.544;HARD;14.0;True;Ferrari;3.0
199; 02:38:23.237;LEC;16; 00:01:35.451;41.0;3.0;34.356;42.553;18.542;HARD;15.0;True;Ferrari;3.0
200; 02:39:59.034;LEC;16; 00:01:35.797;42.0;3.0;34.362;43.019;18.416;HARD;16.0;True;Ferrari;3.0
201; 02:41:34.747;LEC;16; 00:01:35.713;43.0;3.0;34.546;42.666;18.501;HARD;17.0;True;Ferrari;3.0
202; 02:43:10.432;LEC;16; 00:01:35.685;44.0;3.0;34.483;42.776;18.426;HARD;18.0;True;Ferrari;3.0
203; 02:44:46.171;LEC;16; 00:01:35.739;45.0;3.0;34.489;42.616;18.634;HARD;19.0;True;Ferrari;3.0
204; 02:46:22.949;LEC;16; 00:01:36.778;46.0;3.0;35.285;42.882;18.611;HARD;20.0;True;Ferrari;4.0
205; 02:47:58.871;LEC;16; 00:01:35.922;47.0;3.0;34.607;42.757;18.558;HARD;21.0;True;Ferrari;4.0
206; 02:49:34.373;LEC;16; 00:01:35.502;48.0;3.0;34.429;42.6;18.473;HARD;22.0;True;Ferrari;4.0
207; 02:51:09.916;LEC;16; 00:01:35.543;49.0;3.0;34.412;42.697;18.434;HARD;23.0;True;Ferrari;4.0
208; 02:52:45.190;LEC;16; 00:01:35.274;50.0;3.0;34.352;42.548;18.374;HARD;24.0;True;Ferrari;4.0
209; 02:54:20.389;LEC;16; 00:01:35.199;51.0;3.0;34.245;42.492;18.462;HARD;25.0;True;Ferrari;4.0
210; 02:55:55.705;LEC;16; 00:01:35.316;52.0;3.0;34.299;42.573;18.444;HARD;26.0;True;Ferrari;4.0
211; 02:57:30.749;LEC;16; 00:01:35.044;53.0;3.0;34.141;42.505;18.398;HARD;27.0;True;Ferrari;4.0
212; 01:04:55.488;NOR;4; 00:02:14.751;1.0;1.0;35062;65.666;32.333;MEDIUM;1.0;True;McLaren;5.0
213; 01:33:26.064;NOR;4; 00:01:36.853;2.0;2.0;35062;57.89;39.001;MEDIUM;2.0;False;McLaren;3.0
214; 01:36:17.347;NOR;4; 00:01:36.853;3.0;2.0;35062;43.152;18.525;MEDIUM;3.0;False;McLaren;3.0
215; 01:37:54.200;NOR;4; 00:01:36.853;4.0;2.0;35.062;43.181;18.61;MEDIUM;4.0;False;McLaren;3.0
216; 01:39:31.060;NOR;4; 00:01:36.860;5.0;2.0;34.856;43.348;18.656;MEDIUM;5.0;False;McLaren;3.0
217; 01:41:08.960;NOR;4; 00:01:37.900;6.0;2.0;35.298;43.753;18.849;MEDIUM;6.0;False;McLaren;3.0
218; 01:42:46.702;NOR;4; 00:01:37.742;7.0;2.0;35.209;43.702;18.831;MEDIUM;7.0;False;McLaren;3.0
219; 01:44:24.526;NOR;4; 00:01:37.824;8.0;2.0;35.208;43.748;18.868;MEDIUM;8.0;False;McLaren;3.0
220; 01:46:02.489;NOR;4; 00:01:37.963;9.0;2.0;35.354;43.68;18.929;MEDIUM;9.0;False;McLaren;3.0
221; 01:47:40.647;NOR;4; 00:01:38.158;10.0;2.0;35.536;43.791;18.831;MEDIUM;10.0;False;McLaren;3.0
222; 01:49:21.407;NOR;4; 00:01:40.760;11.0;2.0;35.613;43.963;21.184;MEDIUM;11.0;False;McLaren;4.0
223; 01:51:17.050;NOR;4; 00:01:55.643;12.0;3.0;54.321;42.844;18.478;HARD;1.0;True;McLaren;9.0
224; 01:52:52.811;NOR;4; 00:01:35.761;13.0;3.0;34.413;42.732;18.616;HARD;2.0;True;McLaren;8.0
225; 01:54:29.588;NOR;4; 00:01:36.777;14.0;3.0;34.874;43.154;18.749;HARD;3.0;True;McLaren;7.0
226; 01:56:06.376;NOR;4; 00:01:36.788;15.0;3.0;34.892;43.222;18.674;HARD;4.0;True;McLaren;7.0
227; 01:57:44.617;NOR;4; 00:01:38.241;16.0;3.0;35.411;43.808;19.022;HARD;5.0;True;McLaren;5.0
228; 01:59:22.424;NOR;4; 00:01:37.807;17.0;3.0;35.129;43.544;19.134;HARD;6.0;True;McLaren;4.0
229; 02:00:58.911;NOR;4; 00:01:36.487;18.0;3.0;34.632;43.202;18.653;HARD;7.0;True;McLaren;3.0
230; 02:02:35.694;NOR;4; 00:01:36.783;19.0;3.0;34.957;43.162;18.664;HARD;8.0;True;McLaren;3.0
231; 02:04:12.541;NOR;4; 00:01:36.847;20.0;3.0;34.961;43.235;18.651;HARD;9.0;True;McLaren;3.0
232; 02:05:49.537;NOR;4; 00:01:36.996;21.0;3.0;34.98;43.408;18.608;HARD;10.0;True;McLaren;3.0
233; 02:07:28.425;NOR;4; 00:01:38.888;22.0;3.0;35.207;44.037;19.644;HARD;11.0;True;McLaren;4.0
234; 02:09:06.638;NOR;4; 00:01:38.213;23.0;3.0;35.567;43.828;18.818;HARD;12.0;True;McLaren;4.0
235; 02:10:44.360;NOR;4; 00:01:37.722;24.0;3.0;35.327;43.654;18.741;HARD;13.0;True;McLaren;4.0
236; 02:12:21.918;NOR;4; 00:01:37.558;25.0;3.0;35.294;43.603;18.661;HARD;14.0;True;McLaren;4.0
237; 02:14:02.835;NOR;4; 00:01:40.917;26.0;3.0;35.271;44.337;21.309;HARD;15.0;True;McLaren;5.0
238; 02:15:59.456;NOR;4; 00:01:56.621;27.0;4.0;55.404;42.66;18.557;HARD;1.0;True;McLaren;8.0
239; 02:17:35.177;NOR;4; 00:01:35.721;28.0;4.0;34.468;42.835;18.418;HARD;2.0;True;McLaren;7.0
240; 02:19:11.435;NOR;4; 00:01:36.258;29.0;4.0;34.941;42.841;18.476;HARD;3.0;True;McLaren;7.0
241; 02:20:47.678;NOR;4; 00:01:36.243;30.0;4.0;34.846;42.867;18.53;HARD;4.0;True;McLaren;7.0
242; 02:22:23.903;NOR;4; 00:01:36.225;31.0;4.0;34.969;42.814;18.442;HARD;5.0;True;McLaren;7.0
243; 02:24:00.278;NOR;4; 00:01:36.375;32.0;4.0;34.975;42.832;18.568;HARD;6.0;True;McLaren;7.0
244; 02:25:36.618;NOR;4; 00:01:36.340;33.0;4.0;34.957;42.903;18.48;HARD;7.0;True;McLaren;6.0
245; 02:27:12.880;NOR;4; 00:01:36.262;34.0;4.0;35.07;42.802;18.39;HARD;8.0;True;McLaren;4.0
246; 02:28:49.494;NOR;4; 00:01:36.614;35.0;4.0;35.221;42.865;18.528;HARD;9.0;True;McLaren;5.0
247; 02:30:25.390;NOR;4; 00:01:35.896;36.0;4.0;34.657;42.773;18.466;HARD;10.0;True;McLaren;5.0
248; 02:32:01.802;NOR;4; 00:01:36.412;37.0;4.0;34.655;43.141;18.616;HARD;11.0;True;McLaren;4.0
249; 02:33:37.685;NOR;4; 00:01:35.883;38.0;4.0;34.65;42.687;18.546;HARD;12.0;True;McLaren;4.0
250; 02:35:13.391;NOR;4; 00:01:35.706;39.0;4.0;34.492;42.785;18.429;HARD;13.0;True;McLaren;4.0
251; 02:36:49.640;NOR;4; 00:01:36.249;40.0;4.0;34.624;42.995;18.63;HARD;14.0;True;McLaren;4.0
252; 02:38:24.869;NOR;4; 00:01:35.229;41.0;4.0;34.119;42.655;18.455;HARD;15.0;True;McLaren;4.0
253; 02:40:01.086;NOR;4; 00:01:36.217;42.0;4.0;34.524;43.361;18.332;HARD;16.0;True;McLaren;4.0
254; 02:41:37.006;NOR;4; 00:01:35.920;43.0;4.0;34.335;42.928;18.657;HARD;17.0;True;McLaren;4.0
255; 02:43:13.397;NOR;4; 00:01:36.391;44.0;4.0;35.127;42.71;18.554;HARD;18.0;True;McLaren;5.0
256; 02:44:49.621;NOR;4; 00:01:36.224;45.0;4.0;34.733;42.977;18.514;HARD;19.0;True;McLaren;5.0
257; 02:46:25.256;NOR;4; 00:01:35.635;46.0;4.0;34.39;42.727;18.518;HARD;20.0;True;McLaren;5.0
258; 02:48:00.889;NOR;4; 00:01:35.633;47.0;4.0;34.419;42.734;18.48;HARD;21.0;True;McLaren;5.0
259; 02:49:36.566;NOR;4; 00:01:35.677;48.0;4.0;34.492;42.695;18.49;HARD;22.0;True;McLaren;5.0
260; 02:51:11.920;NOR;4; 00:01:35.354;49.0;4.0;34.321;42.647;18.386;HARD;23.0;True;McLaren;5.0
261; 02:52:47.188;NOR;4; 00:01:35.268;50.0;4.0;34.244;42.611;18.413;HARD;24.0;True;McLaren;5.0
262; 02:54:22.374;NOR;4; 00:01:35.186;51.0;4.0;34.22;42.604;18.362;HARD;25.0;True;McLaren;5.0
263; 02:55:58.206;NOR;4; 00:01:35.832;52.0;4.0;34.175;43.102;18.555;HARD;26.0;True;McLaren;5.0
264; 02:57:33.927;NOR;4; 00:01:35.721;53.0;4.0;34.301;42.947;18.473;HARD;27.0;True;McLaren;5.0
265; 01:05:01.280;ALO;14; 00:02:20.526;1.0;1.0;35.51;69.943;32.569;SOFT;1.0;True;Aston Martin;7.0
266; 01:33:35.906;ALO;14; 00:01:37.453;2.0;2.0;35.51;50.532;44.563;SOFT;2.0;False;Aston Martin;5.0
267; 01:36:18.420;ALO;14; 00:01:37.453;3.0;2.0;35.51;43.268;18.703;SOFT;3.0;False;Aston Martin;5.0
268; 01:37:55.873;ALO;14; 00:01:37.453;4.0;2.0;35.51;43.299;18.644;SOFT;4.0;False;Aston Martin;5.0
269; 01:39:33.405;ALO;14; 00:01:37.532;5.0;2.0;35.258;43.547;18.727;SOFT;5.0;False;Aston Martin;5.0
270; 01:41:11.266;ALO;14; 00:01:37.861;6.0;2.0;35.4;43.705;18.756;SOFT;6.0;False;Aston Martin;5.0
271; 01:42:49.469;ALO;14; 00:01:38.203;7.0;2.0;35.735;43.71;18.758;SOFT;7.0;False;Aston Martin;5.0
272; 01:44:27.930;ALO;14; 00:01:38.461;8.0;2.0;35.782;43.705;18.974;SOFT;8.0;False;Aston Martin;5.0
273; 01:46:06.814;ALO;14; 00:01:38.884;9.0;2.0;35.887;43.921;19.076;SOFT;9.0;False;Aston Martin;5.0
274; 01:47:45.595;ALO;14; 00:01:38.781;10.0;2.0;35.987;43.889;18.905;SOFT;10.0;False;Aston Martin;5.0
275; 01:49:24.538;ALO;14; 00:01:38.943;11.0;2.0;35.987;43.997;18.959;SOFT;11.0;False;Aston Martin;5.0
276; 01:51:03.282;ALO;14; 00:01:38.744;12.0;2.0;35.83;43.982;18.932;SOFT;12.0;False;Aston Martin;4.0
277; 01:52:44.098;ALO;14; 00:01:40.816;13.0;2.0;35.625;43.968;21.223;SOFT;13.0;False;Aston Martin;5.0
278; 01:54:40.642;ALO;14; 00:01:56.544;14.0;3.0;54.227;43.433;18.884;MEDIUM;1.0;True;Aston Martin;8.0
279; 01:56:18.095;ALO;14; 00:01:37.453;15.0;3.0;35.447;43.299;18.707;MEDIUM;2.0;True;Aston Martin;8.0
280; 01:57:55.116;ALO;14; 00:01:37.021;16.0;3.0;35.357;43.011;18.653;MEDIUM;3.0;True;Aston Martin;8.0
281; 01:59:32.115;ALO;14; 00:01:36.999;17.0;3.0;35.356;42.956;18.687;MEDIUM;4.0;True;Aston Martin;8.0
282; 02:01:09.146;ALO;14; 00:01:37.031;18.0;3.0;35.309;43.073;18.649;MEDIUM;5.0;True;Aston Martin;8.0
283; 02:02:45.967;ALO;14; 00:01:36.821;19.0;3.0;35.098;43.127;18.596;MEDIUM;6.0;True;Aston Martin;8.0
284; 02:04:23.582;ALO;14; 00:01:37.615;20.0;3.0;35.392;43.313;18.91;MEDIUM;7.0;True;Aston Martin;8.0
285; 02:06:01.147;ALO;14; 00:01:37.565;21.0;3.0;35.334;43.406;18.825;MEDIUM;8.0;True;Aston Martin;8.0
286; 02:07:38.868;ALO;14; 00:01:37.721;22.0;3.0;35.144;43.502;19.075;MEDIUM;9.0;True;Aston Martin;6.0
287; 02:09:16.508;ALO;14; 00:01:37.640;23.0;3.0;35.236;43.52;18.884;MEDIUM;10.0;True;Aston Martin;6.0
288; 02:10:53.943;ALO;14; 00:01:37.435;24.0;3.0;35.253;43.395;18.787;MEDIUM;11.0;True;Aston Martin;6.0
289; 02:12:31.366;ALO;14; 00:01:37.423;25.0;3.0;35.22;43.483;18.72;MEDIUM;12.0;True;Aston Martin;6.0
290; 02:14:08.655;ALO;14; 00:01:37.289;26.0;3.0;35.247;43.325;18.717;MEDIUM;13.0;True;Aston Martin;6.0
291; 02:15:46.014;ALO;14; 00:01:37.359;27.0;3.0;35.232;43.367;18.76;MEDIUM;14.0;True;Aston Martin;4.0
292; 02:17:23.355;ALO;14; 00:01:37.341;28.0;3.0;35.174;43.405;18.762;MEDIUM;15.0;True;Aston Martin;4.0
293; 02:19:01.137;ALO;14; 00:01:37.782;29.0;3.0;35.509;43.309;18.964;MEDIUM;16.0;True;Aston Martin;4.0
294; 02:20:38.780;ALO;14; 00:01:37.643;30.0;3.0;35.337;43.413;18.893;MEDIUM;17.0;True;Aston Martin;4.0
295; 02:22:16.231;ALO;14; 00:01:37.451;31.0;3.0;35.308;43.38;18.763;MEDIUM;18.0;True;Aston Martin;4.0
296; 02:23:53.866;ALO;14; 00:01:37.635;32.0;3.0;35.348;43.38;18.907;MEDIUM;19.0;True;Aston Martin;4.0
297; 02:25:33.660;ALO;14; 00:01:39.794;33.0;3.0;35.389;43.453;20.952;MEDIUM;20.0;True;Aston Martin;4.0
298; 02:27:28.703;ALO;14; 00:01:55.043;34.0;4.0;54.167;42.439;18.437;HARD;1.0;True;Aston Martin;8.0
299; 02:29:04.474;ALO;14; 00:01:35.771;35.0;4.0;34.693;42.634;18.444;HARD;2.0;True;Aston Martin;8.0
300; 02:30:39.827;ALO;14; 00:01:35.353;36.0;4.0;34.613;42.461;18.279;HARD;3.0;True;Aston Martin;8.0
301; 02:32:15.208;ALO;14; 00:01:35.381;37.0;4.0;34.542;42.377;18.462;HARD;4.0;True;Aston Martin;8.0
302; 02:33:50.695;ALO;14; 00:01:35.487;38.0;4.0;34.657;42.371;18.459;HARD;5.0;True;Aston Martin;7.0
303; 02:35:26.665;ALO;14; 00:01:35.970;39.0;4.0;34.824;42.625;18.521;HARD;6.0;True;Aston Martin;7.0
304; 02:37:02.473;ALO;14; 00:01:35.808;40.0;4.0;34.714;42.464;18.63;HARD;7.0;True;Aston Martin;6.0
305; 02:38:38.047;ALO;14; 00:01:35.574;41.0;4.0;34.409;42.58;18.585;HARD;8.0;True;Aston Martin;6.0
306; 02:40:15.339;ALO;14; 00:01:37.292;42.0;4.0;34.56;44.127;18.605;HARD;9.0;True;Aston Martin;6.0
307; 02:41:51.431;ALO;14; 00:01:36.092;43.0;4.0;34.687;42.761;18.644;HARD;10.0;True;Aston Martin;6.0
308; 02:43:27.046;ALO;14; 00:01:35.615;44.0;4.0;34.544;42.578;18.493;HARD;11.0;True;Aston Martin;6.0
309; 02:45:02.682;ALO;14; 00:01:35.636;45.0;4.0;34.42;42.593;18.623;HARD;12.0;True;Aston Martin;6.0
310; 02:46:38.509;ALO;14; 00:01:35.827;46.0;4.0;34.625;42.578;18.624;HARD;13.0;True;Aston Martin;6.0
311; 02:48:14.371;ALO;14; 00:01:35.862;47.0;4.0;34.693;42.641;18.528;HARD;14.0;True;Aston Martin;6.0
312; 02:49:50.232;ALO;14; 00:01:35.861;48.0;4.0;34.49;42.591;18.78;HARD;15.0;True;Aston Martin;6.0
313; 02:51:26.063;ALO;14; 00:01:35.831;49.0;4.0;34.375;42.74;18.716;HARD;16.0;True;Aston Martin;6.0
314; 02:53:02.071;ALO;14; 00:01:36.008;50.0;4.0;34.511;42.946;18.551;HARD;17.0;True;Aston Martin;6.0
315; 02:54:38.140;ALO;14; 00:01:36.069;51.0;4.0;34.329;42.862;18.878;HARD;18.0;True;Aston Martin;6.0
316; 02:56:13.773;ALO;14; 00:01:35.633;52.0;4.0;34.115;42.651;18.867;HARD;19.0;True;Aston Martin;6.0
317; 02:57:48.499;ALO;14; 00:01:34.726;53.0;4.0;33.924;42.332;18.47;HARD;20.0;True;Aston Martin;6.0
318; 01:05:20.283;RUS;63; 00:02:39.587;1.0;1.0;89261;78.942;41.309;MEDIUM;1.0;True;Mercedes;11.0
319; 01:33:49.253;RUS;63; 00:01:38.976;2.0;2.0;89261;46.712;47.765;HARD;1.0;True;Mercedes;9.0
320; 01:36:21.841;RUS;63; 00:01:38.976;3.0;2.0;89.261;44.66;18.853;HARD;2.0;True;Mercedes;10.0
321; 01:38:00.817;RUS;63; 00:01:38.976;4.0;2.0;36.014;43.918;19.044;HARD;3.0;True;Mercedes;10.0
322; 01:39:38.554;RUS;63; 00:01:37.737;5.0;2.0;35.486;43.61;18.641;HARD;4.0;True;Mercedes;9.0
323; 01:41:16.946;RUS;63; 00:01:38.392;6.0;2.0;35.689;43.805;18.898;HARD;5.0;True;Mercedes;9.0
324; 01:42:55.016;RUS;63; 00:01:38.070;7.0;2.0;35.576;43.679;18.815;HARD;6.0;True;Mercedes;9.0
325; 01:44:33.208;RUS;63; 00:01:38.192;8.0;2.0;35.712;43.769;18.711;HARD;7.0;True;Mercedes;9.0
326; 01:46:11.461;RUS;63; 00:01:38.253;9.0;2.0;35.718;43.68;18.855;HARD;8.0;True;Mercedes;9.0
327; 01:47:49.829;RUS;63; 00:01:38.368;10.0;2.0;35.7;43.824;18.844;HARD;9.0;True;Mercedes;9.0
328; 01:49:28.778;RUS;63; 00:01:38.949;11.0;2.0;35.861;44.209;18.879;HARD;10.0;True;Mercedes;9.0
329; 01:51:07.990;RUS;63; 00:01:39.212;12.0;2.0;35.925;44.315;18.972;HARD;11.0;True;Mercedes;8.0
330; 01:52:46.979;RUS;63; 00:01:38.989;13.0;2.0;35.848;44.313;18.828;HARD;12.0;True;Mercedes;6.0
331; 01:54:25.407;RUS;63; 00:01:38.428;14.0;2.0;35.474;44.065;18.889;HARD;13.0;True;Mercedes;5.0
332; 01:56:03.972;RUS;63; 00:01:38.565;15.0;2.0;35.73;43.92;18.915;HARD;14.0;True;Mercedes;5.0
333; 01:57:42.630;RUS;63; 00:01:38.658;16.0;2.0;35.693;44.042;18.923;HARD;15.0;True;Mercedes;3.0
334; 01:59:22.047;RUS;63; 00:01:39.417;17.0;2.0;36.016;44.411;18.99;HARD;16.0;True;Mercedes;3.0
335; 02:01:02.364;RUS;63; 00:01:40.317;18.0;2.0;36.537;44.194;19.586;HARD;17.0;True;Mercedes;5.0
336; 02:02:40.756;RUS;63; 00:01:38.392;19.0;2.0;35.636;43.882;18.874;HARD;18.0;True;Mercedes;5.0
337; 02:04:19.219;RUS;63; 00:01:38.463;20.0;2.0;35.591;44.024;18.848;HARD;19.0;True;Mercedes;5.0
338; 02:05:58.711;RUS;63; 00:01:39.492;21.0;2.0;36.048;44.456;18.988;HARD;20.0;True;Mercedes;6.0
339; 02:07:39.606;RUS;63; 00:01:40.895;22.0;2.0;35.758;44.026;21.111;HARD;21.0;True;Mercedes;7.0
340; 02:09:35.158;RUS;63; 00:01:55.552;23.0;3.0;54.686;42.375;18.491;HARD;1.0;True;Mercedes;9.0
341; 02:11:10.307;RUS;63; 00:01:35.149;24.0;3.0;34.356;42.322;18.471;HARD;2.0;True;Mercedes;8.0
342; 02:12:45.980;RUS;63; 00:01:35.673;25.0;3.0;34.38;42.769;18.524;HARD;3.0;True;Mercedes;8.0
343; 02:14:21.755;RUS;63; 00:01:35.775;26.0;3.0;34.524;42.725;18.526;HARD;4.0;True;Mercedes;8.0
344; 02:15:59.035;RUS;63; 00:01:37.280;27.0;3.0;35.722;43.012;18.546;HARD;5.0;True;Mercedes;7.0
345; 02:17:36.599;RUS;63; 00:01:37.564;28.0;3.0;35.752;43.178;18.634;HARD;6.0;True;Mercedes;8.0
346; 02:19:13.298;RUS;63; 00:01:36.699;29.0;3.0;35.09;42.956;18.653;HARD;7.0;True;Mercedes;8.0
347; 02:20:49.791;RUS;63; 00:01:36.493;30.0;3.0;34.974;42.949;18.57;HARD;8.0;True;Mercedes;8.0
348; 02:22:26.567;RUS;63; 00:01:36.776;31.0;3.0;35.019;43.11;18.647;HARD;9.0;True;Mercedes;8.0
349; 02:24:03.311;RUS;63; 00:01:36.744;32.0;3.0;34.984;42.93;18.83;HARD;10.0;True;Mercedes;8.0
350; 02:25:39.694;RUS;63; 00:01:36.383;33.0;3.0;34.868;42.9;18.615;HARD;11.0;True;Mercedes;7.0
351; 02:27:16.398;RUS;63; 00:01:36.704;34.0;3.0;35.021;42.991;18.692;HARD;12.0;True;Mercedes;6.0
352; 02:28:52.868;RUS;63; 00:01:36.470;35.0;3.0;34.85;42.992;18.628;HARD;13.0;True;Mercedes;6.0
353; 02:30:29.336;RUS;63; 00:01:36.468;36.0;3.0;34.718;43.105;18.645;HARD;14.0;True;Mercedes;6.0
354; 02:32:08.166;RUS;63; 00:01:38.830;37.0;3.0;34.759;43.26;20.811;HARD;15.0;True;Mercedes;5.0
355; 02:34:02.091;RUS;63; 00:01:53.925;38.0;4.0;53.528;41.902;18.495;MEDIUM;2.0;False;Mercedes;9.0
356; 02:35:36.495;RUS;63; 00:01:34.404;39.0;4.0;34.005;42.106;18.293;MEDIUM;3.0;False;Mercedes;9.0
357; 02:37:11.032;RUS;63; 00:01:34.537;40.0;4.0;33.931;42.253;18.353;MEDIUM;4.0;False;Mercedes;8.0
358; 02:38:45.573;RUS;63; 00:01:34.541;41.0;4.0;34.13;42.024;18.387;MEDIUM;5.0;False;Mercedes;8.0
359; 02:40:20.872;RUS;63; 00:01:35.299;42.0;4.0;34.104;42.758;18.437;MEDIUM;6.0;False;Mercedes;8.0
360; 02:41:56.013;RUS;63; 00:01:35.141;43.0;4.0;34.286;42.43;18.425;MEDIUM;7.0;False;Mercedes;8.0
361; 02:43:30.847;RUS;63; 00:01:34.834;44.0;4.0;34.142;42.29;18.402;MEDIUM;8.0;False;Mercedes;8.0
362; 02:45:05.760;RUS;63; 00:01:34.913;45.0;4.0;34.097;42.322;18.494;MEDIUM;9.0;False;Mercedes;8.0
363; 02:46:40.875;RUS;63; 00:01:35.115;46.0;4.0;34.155;42.443;18.517;MEDIUM;10.0;False;Mercedes;8.0
364; 02:48:16.192;RUS;63; 00:01:35.317;47.0;4.0;34.285;42.544;18.488;MEDIUM;11.0;False;Mercedes;8.0
365; 02:49:51.615;RUS;63; 00:01:35.423;48.0;4.0;34.368;42.505;18.55;MEDIUM;12.0;False;Mercedes;8.0
366; 02:51:27.639;RUS;63; 00:01:36.024;49.0;4.0;34.458;42.609;18.957;MEDIUM;13.0;False;Mercedes;8.0
367; 02:53:04.104;RUS;63; 00:01:36.465;50.0;4.0;34.683;43.167;18.615;MEDIUM;14.0;False;Mercedes;8.0
368; 02:54:39.533;RUS;63; 00:01:35.429;51.0;4.0;34.26;42.55;18.619;MEDIUM;15.0;False;Mercedes;8.0
369; 02:56:15.276;RUS;63; 00:01:35.743;52.0;4.0;34.392;42.708;18.643;MEDIUM;16.0;False;Mercedes;8.0
370; 02:57:50.178;RUS;63; 00:01:34.902;53.0;4.0;33.81;42.59;18.502;MEDIUM;17.0;False;Mercedes;7.0
371; 01:05:05.104;PIA;81; 00:02:24.356;1.0;1.0;97585;72.784;33.312;MEDIUM;1.0;True;McLaren;8.0
372; 01:33:39.370;PIA;81; 00:01:37.734;2.0;2.0;97585;51.586;44.538;MEDIUM;2.0;False;McLaren;6.0
373; 01:36:19.300;PIA;81; 00:01:37.734;3.0;2.0;97.585;43.7;18.776;MEDIUM;3.0;False;McLaren;6.0
374; 01:37:57.034;PIA;81; 00:01:37.734;4.0;2.0;35.541;43.643;18.55;MEDIUM;4.0;False;McLaren;6.0
375; 01:39:34.665;PIA;81; 00:01:37.631;5.0;2.0;35.214;43.757;18.66;MEDIUM;5.0;False;McLaren;6.0
376; 01:41:12.806;PIA;81; 00:01:38.141;6.0;2.0;35.443;43.893;18.805;MEDIUM;6.0;False;McLaren;6.0
377; 01:42:50.997;PIA;81; 00:01:38.191;7.0;2.0;35.722;43.803;18.666;MEDIUM;7.0;False;McLaren;6.0
378; 01:44:29.219;PIA;81; 00:01:38.222;8.0;2.0;35.648;43.759;18.815;MEDIUM;8.0;False;McLaren;6.0
379; 01:46:07.719;PIA;81; 00:01:38.500;9.0;2.0;35.87;43.822;18.808;MEDIUM;9.0;False;McLaren;6.0
380; 01:47:46.730;PIA;81; 00:01:39.011;10.0;2.0;36.082;44.023;18.906;MEDIUM;10.0;False;McLaren;6.0
381; 01:49:25.975;PIA;81; 00:01:39.245;11.0;2.0;36.199;44.168;18.878;MEDIUM;11.0;False;McLaren;6.0
382; 01:51:07.058;PIA;81; 00:01:41.083;12.0;2.0;35.769;44.144;21.17;MEDIUM;12.0;False;McLaren;6.0
383; 01:53:05.616;PIA;81; 00:01:58.558;13.0;3.0;56.066;43.82;18.672;HARD;1.0;True;McLaren;11.0
384; 01:54:43.291;PIA;81; 00:01:37.675;14.0;3.0;35.136;43.763;18.776;HARD;2.0;True;McLaren;9.0
385; 01:56:20.668;PIA;81; 00:01:37.377;15.0;3.0;35.232;43.413;18.732;HARD;3.0;True;McLaren;9.0
386; 01:57:57.726;PIA;81; 00:01:37.058;16.0;3.0;34.97;43.432;18.656;HARD;4.0;True;McLaren;9.0
387; 01:59:34.473;PIA;81; 00:01:36.747;17.0;3.0;35.099;43.051;18.597;HARD;5.0;True;McLaren;9.0
388; 02:01:11.295;PIA;81; 00:01:36.822;18.0;3.0;35.01;43.236;18.576;HARD;6.0;True;McLaren;9.0
389; 02:02:48.077;PIA;81; 00:01:36.782;19.0;3.0;35.051;43.143;18.588;HARD;7.0;True;McLaren;9.0
390; 02:04:25.061;PIA;81; 00:01:36.984;20.0;3.0;35.098;43.326;18.56;HARD;8.0;True;McLaren;9.0
391; 02:06:02.477;PIA;81; 00:01:37.416;21.0;3.0;35.276;43.47;18.67;HARD;9.0;True;McLaren;9.0
392; 02:07:41.102;PIA;81; 00:01:38.625;22.0;3.0;35.613;44.097;18.915;HARD;10.0;True;McLaren;9.0
393; 02:09:20.021;PIA;81; 00:01:38.919;23.0;3.0;35.757;43.971;19.191;HARD;11.0;True;McLaren;7.0
394; 02:10:57.196;PIA;81; 00:01:37.175;24.0;3.0;35.019;43.461;18.695;HARD;12.0;True;McLaren;7.0
395; 02:12:34.972;PIA;81; 00:01:37.776;25.0;3.0;35.295;43.689;18.792;HARD;13.0;True;McLaren;7.0
396; 02:14:12.336;PIA;81; 00:01:37.364;26.0;3.0;35.168;43.409;18.787;HARD;14.0;True;McLaren;7.0
397; 02:15:49.725;PIA;81; 00:01:37.389;27.0;3.0;35.266;43.409;18.714;HARD;15.0;True;McLaren;5.0
398; 02:17:27.163;PIA;81; 00:01:37.438;28.0;3.0;35.217;43.536;18.685;HARD;16.0;True;McLaren;5.0
399; 02:19:04.934;PIA;81; 00:01:37.771;29.0;3.0;35.343;43.399;19.029;HARD;17.0;True;McLaren;5.0
400; 02:20:42.880;PIA;81; 00:01:37.946;30.0;3.0;35.3;43.394;19.252;HARD;18.0;True;McLaren;5.0
401; 02:22:20.725;PIA;81; 00:01:37.845;31.0;3.0;35.356;43.595;18.894;HARD;19.0;True;McLaren;5.0
402; 02:24:00.207;PIA;81; 00:01:39.482;32.0;3.0;35.221;43.456;20.805;HARD;20.0;True;McLaren;6.0
403; 02:25:55.700;PIA;81; 00:01:55.493;33.0;4.0;54.288;42.571;18.634;HARD;1.0;True;McLaren;9.0
404; 02:27:30.955;PIA;81; 00:01:35.255;34.0;4.0;34.409;42.365;18.481;HARD;2.0;True;McLaren;9.0
405; 02:29:05.757;PIA;81; 00:01:34.802;35.0;4.0;34.135;42.289;18.378;HARD;3.0;True;McLaren;9.0
406; 02:30:40.885;PIA;81; 00:01:35.128;36.0;4.0;34.246;42.444;18.438;HARD;4.0;True;McLaren;9.0
407; 02:32:16.285;PIA;81; 00:01:35.400;37.0;4.0;34.278;42.601;18.521;HARD;5.0;True;McLaren;9.0
408; 02:33:51.552;PIA;81; 00:01:35.267;38.0;4.0;34.347;42.482;18.438;HARD;6.0;True;McLaren;8.0
409; 02:35:27.588;PIA;81; 00:01:36.036;39.0;4.0;34.647;42.862;18.527;HARD;7.0;True;McLaren;8.0
410; 02:37:03.476;PIA;81; 00:01:35.888;40.0;4.0;34.505;42.723;18.66;HARD;8.0;True;McLaren;7.0
411; 02:38:39.021;PIA;81; 00:01:35.545;41.0;4.0;34.323;42.7;18.522;HARD;9.0;True;McLaren;7.0
412; 02:40:16.569;PIA;81; 00:01:37.548;42.0;4.0;34.548;44.495;18.505;HARD;10.0;True;McLaren;7.0
413; 02:41:52.410;PIA;81; 00:01:35.841;43.0;4.0;34.549;42.672;18.62;HARD;11.0;True;McLaren;7.0
414; 02:43:27.949;PIA;81; 00:01:35.539;44.0;4.0;34.265;42.741;18.533;HARD;12.0;True;McLaren;7.0
415; 02:45:03.597;PIA;81; 00:01:35.648;45.0;4.0;34.356;42.723;18.569;HARD;13.0;True;McLaren;7.0
416; 02:46:39.352;PIA;81; 00:01:35.755;46.0;4.0;34.416;42.794;18.545;HARD;14.0;True;McLaren;7.0
417; 02:48:15.243;PIA;81; 00:01:35.891;47.0;4.0;34.506;42.802;18.583;HARD;15.0;True;McLaren;7.0
418; 02:49:51.141;PIA;81; 00:01:35.898;48.0;4.0;34.538;42.77;18.59;HARD;16.0;True;McLaren;7.0
419; 02:51:27.320;PIA;81; 00:01:36.179;49.0;4.0;34.313;42.902;18.964;HARD;17.0;True;McLaren;7.0
420; 02:53:03.548;PIA;81; 00:01:36.228;50.0;4.0;34.548;42.997;18.683;HARD;18.0;True;McLaren;7.0
421; 02:54:38.977;PIA;81; 00:01:35.429;51.0;4.0;34.133;42.635;18.661;HARD;19.0;True;McLaren;7.0
422; 02:56:15.141;PIA;81; 00:01:36.164;52.0;4.0;34.223;42.772;19.169;HARD;20.0;True;McLaren;7.0
423; 02:57:51.752;PIA;81; 00:01:36.611;53.0;4.0;34.846;43.014;18.751;HARD;21.0;True;McLaren;8.0
424; 01:05:13.546;HAM;44; 00:02:32.716;1.0;1.0;94401;77.16;37.06;MEDIUM;1.0;True;Mercedes;9.0
425; 01:33:43.439;HAM;44; 00:01:38.303;2.0;2.0;94401;49.281;46.041;HARD;1.0;True;Mercedes;7.0
426; 01:36:20.503;HAM;44; 00:01:38.303;3.0;2.0;94.401;43.993;18.759;HARD;2.0;True;Mercedes;8.0
427; 01:37:58.806;HAM;44; 00:01:38.303;4.0;2.0;35.858;43.823;18.622;HARD;3.0;True;Mercedes;8.0
428; 01:39:36.945;HAM;44; 00:01:38.139;5.0;2.0;35.536;43.844;18.759;HARD;4.0;True;Mercedes;8.0
429; 01:41:15.135;HAM;44; 00:01:38.190;6.0;2.0;35.579;43.867;18.744;HARD;5.0;True;Mercedes;8.0
430; 01:42:53.509;HAM;44; 00:01:38.374;7.0;2.0;35.608;43.999;18.767;HARD;6.0;True;Mercedes;8.0
431; 01:44:31.605;HAM;44; 00:01:38.096;8.0;2.0;35.574;43.767;18.755;HARD;7.0;True;Mercedes;8.0
432; 01:46:10.138;HAM;44; 00:01:38.533;9.0;2.0;35.734;43.914;18.885;HARD;8.0;True;Mercedes;8.0
433; 01:47:48.841;HAM;44; 00:01:38.703;10.0;2.0;35.851;44.07;18.782;HARD;9.0;True;Mercedes;8.0
434; 01:49:28.133;HAM;44; 00:01:39.292;11.0;2.0;35.838;44.473;18.981;HARD;10.0;True;Mercedes;8.0
435; 01:51:07.335;HAM;44; 00:01:39.202;12.0;2.0;35.899;44.422;18.881;HARD;11.0;True;Mercedes;7.0
436; 01:52:47.575;HAM;44; 00:01:40.240;13.0;2.0;35.824;44.247;20.169;HARD;12.0;True;Mercedes;7.0
437; 01:54:26.628;HAM;44; 00:01:39.053;14.0;2.0;35.984;44.192;18.877;HARD;13.0;True;Mercedes;6.0
438; 01:56:05.543;HAM;44; 00:01:38.915;15.0;2.0;35.941;44.095;18.879;HARD;14.0;True;Mercedes;6.0
439; 01:57:44.236;HAM;44; 00:01:38.693;16.0;2.0;35.818;43.958;18.917;HARD;15.0;True;Mercedes;4.0
440; 01:59:24.766;HAM;44; 00:01:40.530;17.0;2.0;36.398;44.256;19.876;HARD;16.0;True;Mercedes;6.0
441; 02:01:04.070;HAM;44; 00:01:39.304;18.0;2.0;36.162;44.27;18.872;HARD;17.0;True;Mercedes;6.0
442; 02:02:43.422;HAM;44; 00:01:39.352;19.0;2.0;35.728;44.662;18.962;HARD;18.0;True;Mercedes;7.0
443; 02:04:22.041;HAM;44; 00:01:38.619;20.0;2.0;35.668;44.172;18.779;HARD;19.0;True;Mercedes;7.0
444; 02:06:00.683;HAM;44; 00:01:38.642;21.0;2.0;35.841;43.997;18.804;HARD;20.0;True;Mercedes;7.0
445; 02:07:40.506;HAM;44; 00:01:39.823;22.0;2.0;36.66;44.27;18.893;HARD;21.0;True;Mercedes;8.0
446; 02:09:21.972;HAM;44; 00:01:41.466;23.0;2.0;35.82;44.201;21.445;HARD;22.0;True;Mercedes;8.0
447; 02:11:17.099;HAM;44; 00:01:55.127;24.0;3.0;54.358;42.356;18.413;HARD;1.0;True;Mercedes;9.0
448; 02:12:52.531;HAM;44; 00:01:35.432;25.0;3.0;34.524;42.559;18.349;HARD;2.0;True;Mercedes;9.0
449; 02:14:27.978;HAM;44; 00:01:35.447;26.0;3.0;34.17;42.728;18.549;HARD;3.0;True;Mercedes;9.0
450; 02:16:04.113;HAM;44; 00:01:36.135;27.0;3.0;34.746;42.943;18.446;HARD;4.0;True;Mercedes;9.0
451; 02:17:40.408;HAM;44; 00:01:36.295;28.0;3.0;34.843;42.959;18.493;HARD;5.0;True;Mercedes;9.0
452; 02:19:17.154;HAM;44; 00:01:36.746;29.0;3.0;34.932;43.149;18.665;HARD;6.0;True;Mercedes;9.0
453; 02:20:53.553;HAM;44; 00:01:36.399;30.0;3.0;34.825;42.982;18.592;HARD;7.0;True;Mercedes;9.0
454; 02:22:30.139;HAM;44; 00:01:36.586;31.0;3.0;35.01;43.081;18.495;HARD;8.0;True;Mercedes;9.0
455; 02:24:06.740;HAM;44; 00:01:36.601;32.0;3.0;34.864;43.096;18.641;HARD;9.0;True;Mercedes;9.0
456; 02:25:43.184;HAM;44; 00:01:36.444;33.0;3.0;34.902;43.011;18.531;HARD;10.0;True;Mercedes;8.0
457; 02:27:19.891;HAM;44; 00:01:36.707;34.0;3.0;34.966;43.168;18.573;HARD;11.0;True;Mercedes;7.0
458; 02:28:56.405;HAM;44; 00:01:36.514;35.0;3.0;34.839;43.13;18.545;HARD;12.0;True;Mercedes;7.0
459; 02:30:32.596;HAM;44; 00:01:36.191;36.0;3.0;34.637;43.02;18.534;HARD;13.0;True;Mercedes;7.0
460; 02:32:09.218;HAM;44; 00:01:36.622;37.0;3.0;34.803;43.279;18.54;HARD;14.0;True;Mercedes;6.0
461; 02:33:46.676;HAM;44; 00:01:37.458;38.0;3.0;35.605;43.258;18.595;HARD;15.0;True;Mercedes;6.0
462; 02:35:25.706;HAM;44; 00:01:39.030;39.0;3.0;34.938;43.183;20.909;HARD;16.0;True;Mercedes;6.0
463; 02:37:20.115;HAM;44; 00:01:54.409;40.0;4.0;54.183;41.851;18.375;MEDIUM;2.0;False;Mercedes;9.0
464; 02:38:54.067;HAM;44; 00:01:33.952;41.0;4.0;33.633;42.033;18.286;MEDIUM;3.0;False;Mercedes;9.0
465; 02:40:28.305;HAM;44; 00:01:34.238;42.0;4.0;33.805;42.22;18.213;MEDIUM;4.0;False;Mercedes;9.0
466; 02:42:02.387;HAM;44; 00:01:34.082;43.0;4.0;33.727;42.033;18.322;MEDIUM;5.0;False;Mercedes;9.0
467; 02:43:36.724;HAM;44; 00:01:34.337;44.0;4.0;33.907;42.172;18.258;MEDIUM;6.0;False;Mercedes;9.0
468; 02:45:11.515;HAM;44; 00:01:34.791;45.0;4.0;34.053;42.355;18.383;MEDIUM;7.0;False;Mercedes;9.0
469; 02:46:46.313;HAM;44; 00:01:34.798;46.0;4.0;34.144;42.357;18.297;MEDIUM;8.0;False;Mercedes;9.0
470; 02:48:20.992;HAM;44; 00:01:34.679;47.0;4.0;33.889;42.469;18.321;MEDIUM;9.0;False;Mercedes;9.0
471; 02:49:55.892;HAM;44; 00:01:34.900;48.0;4.0;33.944;42.585;18.371;MEDIUM;10.0;False;Mercedes;9.0
472; 02:51:30.939;HAM;44; 00:01:35.047;49.0;4.0;34.013;42.648;18.386;MEDIUM;11.0;False;Mercedes;9.0
473; 02:53:06.369;HAM;44; 00:01:35.430;50.0;4.0;34.17;42.831;18.429;MEDIUM;12.0;False;Mercedes;9.0
474; 02:54:41.845;HAM;44; 00:01:35.476;51.0;4.0;34.439;42.639;18.398;MEDIUM;13.0;False;Mercedes;9.0
475; 02:56:17.080;HAM;44; 00:01:35.235;52.0;4.0;34.1;42.675;18.46;MEDIUM;14.0;False;Mercedes;9.0
476; 02:57:52.853;HAM;44; 00:01:35.773;53.0;4.0;34.41;42.789;18.574;MEDIUM;15.0;False;Mercedes;9.0
477; 01:05:28.276;TSU;22; 00:02:47.566;1.0;1.0;35.86;83.186;44.247;MEDIUM;1.0;True;RB;14.0
478; 01:36:18.341;TSU;22; 00:01:39.108;2.0;2.0;35.86;44.263;18.922;SOFT;4.0;False;RB;18.0
479; 01:36:21.410;TSU;22; 00:01:39.108;3.0;2.0;35.86;44164;19084;SOFT;5.0;False;RB;9.0
480; 01:38:00.518;TSU;22; 00:01:39.108;4.0;2.0;35.86;44.164;19.084;SOFT;6.0;False;RB;9.0
481; 01:39:40.026;TSU;22; 00:01:39.508;5.0;2.0;36.475;44.129;18.904;SOFT;7.0;False;RB;10.0
482; 01:41:18.913;TSU;22; 00:01:38.887;6.0;2.0;35.735;44.173;18.979;SOFT;8.0;False;RB;10.0
483; 01:42:59.911;TSU;22; 00:01:40.998;7.0;2.0;36.025;44.058;20.915;SOFT;9.0;False;RB;10.0
484; 01:44:57.955;TSU;22; 00:01:58.044;8.0;3.0;55.92;43.131;18.993;HARD;1.0;True;RB;16.0
485; 01:46:35.125;TSU;22; 00:01:37.170;9.0;3.0;35.101;43.277;18.792;HARD;2.0;True;RB;16.0
486; 01:48:12.621;TSU;22; 00:01:37.496;10.0;3.0;35.203;43.432;18.861;HARD;3.0;True;RB;16.0
487; 01:49:50.516;TSU;22; 00:01:37.895;11.0;3.0;35.353;43.739;18.803;HARD;4.0;True;RB;16.0
488; 01:51:30.573;TSU;22; 00:01:40.057;12.0;3.0;35.858;44.84;19.359;HARD;5.0;True;RB;16.0
489; 01:53:09.553;TSU;22; 00:01:38.980;13.0;3.0;36.358;43.714;18.908;HARD;6.0;True;RB;14.0
490; 01:54:48.063;TSU;22; 00:01:38.510;14.0;3.0;35.514;44.056;18.94;HARD;7.0;True;RB;14.0
491; 01:56:27.988;TSU;22; 00:01:39.925;15.0;3.0;35.947;44.85;19.128;HARD;8.0;True;RB;14.0
492; 01:58:08.084;TSU;22; 00:01:40.096;16.0;3.0;36.519;44.623;18.954;HARD;9.0;True;RB;14.0
493; 01:59:46.028;TSU;22; 00:01:37.944;17.0;3.0;35.252;43.885;18.807;HARD;10.0;True;RB;13.0
494; 02:01:25.298;TSU;22; 00:01:39.270;18.0;3.0;35.75;44.437;19.083;HARD;11.0;True;RB;13.0
495; 02:03:04.956;TSU;22; 00:01:39.658;19.0;3.0;36.249;44.228;19.181;HARD;12.0;True;RB;13.0
496; 02:04:44.056;TSU;22; 00:01:39.100;20.0;3.0;35.735;44.445;18.92;HARD;13.0;True;RB;13.0
497; 02:06:23.618;TSU;22; 00:01:39.562;21.0;3.0;35.84;44.74;18.982;HARD;14.0;True;RB;13.0
498; 02:08:05.534;TSU;22; 00:01:41.916;22.0;3.0;35.995;44.556;21.365;HARD;15.0;True;RB;14.0
499; 02:10:02.785;TSU;22; 00:01:57.251;23.0;4.0;55.471;43.026;18.754;HARD;1.0;True;RB;11.0
500; 02:11:39.422;TSU;22; 00:01:36.637;24.0;4.0;34.996;42.983;18.658;HARD;2.0;True;RB;11.0
501; 02:13:16.495;TSU;22; 00:01:37.073;25.0;4.0;35.392;43.059;18.622;HARD;3.0;True;RB;11.0
502; 02:14:53.532;TSU;22; 00:01:37.037;26.0;4.0;35.304;43.137;18.596;HARD;4.0;True;RB;11.0
503; 02:16:30.716;TSU;22; 00:01:37.184;27.0;4.0;35.46;43.065;18.659;HARD;5.0;True;RB;11.0
504; 02:18:07.943;TSU;22; 00:01:37.227;28.0;4.0;35.392;43.076;18.759;HARD;6.0;True;RB;11.0
505; 02:19:45.262;TSU;22; 00:01:37.319;29.0;4.0;35.475;43.131;18.713;HARD;7.0;True;RB;11.0
506; 02:21:22.879;TSU;22; 00:01:37.617;30.0;4.0;35.559;43.271;18.787;HARD;8.0;True;RB;11.0
507; 02:23:00.555;TSU;22; 00:01:37.676;31.0;4.0;35.451;43.378;18.847;HARD;9.0;True;RB;11.0
508; 02:24:39.179;TSU;22; 00:01:38.624;32.0;4.0;35.816;43.812;18.996;HARD;10.0;True;RB;11.0
509; 02:26:17.871;TSU;22; 00:01:38.692;33.0;4.0;36.191;43.56;18.941;HARD;11.0;True;RB;10.0
510; 02:27:55.664;TSU;22; 00:01:37.793;34.0;4.0;35.51;43.459;18.824;HARD;12.0;True;RB;10.0
511; 02:29:33.290;TSU;22; 00:01:37.626;35.0;4.0;35.486;43.317;18.823;HARD;13.0;True;RB;10.0
512; 02:31:10.393;TSU;22; 00:01:37.103;36.0;4.0;35.104;43.297;18.702;HARD;14.0;True;RB;10.0
513; 02:32:47.812;TSU;22; 00:01:37.419;37.0;4.0;35.247;43.293;18.879;HARD;15.0;True;RB;10.0
514; 02:34:25.254;TSU;22; 00:01:37.442;38.0;4.0;35.197;43.464;18.781;HARD;16.0;True;RB;10.0
515; 02:36:02.849;TSU;22; 00:01:37.595;39.0;4.0;35.475;43.373;18.747;HARD;17.0;True;RB;10.0
516; 02:37:40.290;TSU;22; 00:01:37.441;40.0;4.0;35.316;43.385;18.74;HARD;18.0;True;RB;10.0
517; 02:39:17.587;TSU;22; 00:01:37.297;41.0;4.0;35.296;43.254;18.747;HARD;19.0;True;RB;10.0
518; 02:40:55.080;TSU;22; 00:01:37.493;42.0;4.0;35.328;43.355;18.81;HARD;20.0;True;RB;10.0
519; 02:42:32.578;TSU;22; 00:01:37.498;43.0;4.0;35.495;43.276;18.727;HARD;21.0;True;RB;10.0
520; 02:44:09.907;TSU;22; 00:01:37.329;44.0;4.0;35.264;43.254;18.811;HARD;22.0;True;RB;10.0
521; 02:45:47.157;TSU;22; 00:01:37.250;45.0;4.0;35.295;43.172;18.783;HARD;23.0;True;RB;10.0
522; 02:47:24.203;TSU;22; 00:01:37.046;46.0;4.0;35.179;43.154;18.713;HARD;24.0;True;RB;10.0
523; 02:49:01.309;TSU;22; 00:01:37.106;47.0;4.0;35.12;43.194;18.792;HARD;25.0;True;RB;10.0
524; 02:50:38.347;TSU;22; 00:01:37.038;48.0;4.0;35.184;43.104;18.75;HARD;26.0;True;RB;10.0
525; 02:52:14.904;TSU;22; 00:01:36.557;49.0;4.0;34.954;42.994;18.609;HARD;27.0;True;RB;10.0
526; 02:53:51.292;TSU;22; 00:01:36.388;50.0;4.0;34.779;42.921;18.688;HARD;28.0;True;RB;10.0
527; 02:55:27.634;TSU;22; 00:01:36.342;51.0;4.0;34.822;42.963;18.557;HARD;29.0;True;RB;10.0
528; 02:57:05.829;TSU;22; 00:01:38.195;52.0;4.0;35.844;43.767;18.584;HARD;30.0;True;RB;10.0
529; 01:05:23.624;HUL;27; 00:02:42.853;1.0;1.0;88496;80.74;42.423;SOFT;1.0;True;Haas F1 Team;12.0
530; 01:33:52.161;HUL;27; 00:01:40.374;2.0;2.0;88496;46.261;48.445;SOFT;2.0;False;Haas F1 Team;10.0
531; 01:36:25.126;HUL;27; 00:01:40.374;3.0;2.0;88.496;45.229;19.286;SOFT;3.0;False;Haas F1 Team;17.0
532; 01:38:05.500;HUL;27; 00:01:40.374;4.0;2.0;36.724;44.611;19.039;SOFT;4.0;False;Haas F1 Team;17.0
533; 01:39:46.991;HUL;27; 00:01:41.491;5.0;2.0;36.317;44.25;20.924;SOFT;5.0;False;Haas F1 Team;18.0
534; 01:41:44.266;HUL;27; 00:01:57.275;6.0;3.0;55.824;42.967;18.484;HARD;1.0;True;Haas F1 Team;18.0
535; 01:43:21.017;HUL;27; 00:01:36.751;7.0;3.0;35.291;43.082;18.378;HARD;2.0;True;Haas F1 Team;18.0
536; 01:44:58.633;HUL;27; 00:01:37.616;8.0;3.0;35.737;43.289;18.59;HARD;3.0;True;Haas F1 Team;17.0
537; 01:46:36.531;HUL;27; 00:01:37.898;9.0;3.0;35.759;43.606;18.533;HARD;4.0;True;Haas F1 Team;17.0
538; 01:48:14.871;HUL;27; 00:01:38.340;10.0;3.0;35.956;43.786;18.598;HARD;5.0;True;Haas F1 Team;17.0
539; 01:49:53.223;HUL;27; 00:01:38.352;11.0;3.0;35.955;43.638;18.759;HARD;6.0;True;Haas F1 Team;17.0
540; 01:51:32.070;HUL;27; 00:01:38.847;12.0;3.0;36.092;43.942;18.813;HARD;7.0;True;Haas F1 Team;17.0
541; 01:53:12.372;HUL;27; 00:01:40.302;13.0;3.0;36.471;44.415;19.416;HARD;8.0;True;Haas F1 Team;16.0
542; 01:54:50.989;HUL;27; 00:01:38.617;14.0;3.0;36.003;43.889;18.725;HARD;9.0;True;Haas F1 Team;15.0
543; 01:56:30.613;HUL;27; 00:01:39.624;15.0;3.0;36.405;44.539;18.68;HARD;10.0;True;Haas F1 Team;16.0
544; 01:58:09.968;HUL;27; 00:01:39.355;16.0;3.0;36.317;44.105;18.933;HARD;11.0;True;Haas F1 Team;16.0
545; 01:59:49.280;HUL;27; 00:01:39.312;17.0;3.0;36.357;44.141;18.814;HARD;12.0;True;Haas F1 Team;16.0
546; 02:01:27.756;HUL;27; 00:01:38.476;18.0;3.0;35.88;43.842;18.754;HARD;13.0;True;Haas F1 Team;15.0
547; 02:03:06.650;HUL;27; 00:01:38.894;19.0;3.0;36.19;43.967;18.737;HARD;14.0;True;Haas F1 Team;15.0
548; 02:04:45.993;HUL;27; 00:01:39.343;20.0;3.0;36.269;44.129;18.945;HARD;15.0;True;Haas F1 Team;15.0
549; 02:06:25.773;HUL;27; 00:01:39.780;21.0;3.0;36.501;44.273;19.006;HARD;16.0;True;Haas F1 Team;15.0
550; 02:08:05.467;HUL;27; 00:01:39.694;22.0;3.0;36.496;44.198;19.0;HARD;17.0;True;Haas F1 Team;13.0
551; 02:09:44.432;HUL;27; 00:01:38.965;23.0;3.0;36.135;43.928;18.902;HARD;18.0;True;Haas F1 Team;10.0
552; 02:11:23.693;HUL;27; 00:01:39.261;24.0;3.0;36.178;43.966;19.117;HARD;19.0;True;Haas F1 Team;10.0
553; 02:13:02.474;HUL;27; 00:01:38.781;25.0;3.0;35.917;44.081;18.783;HARD;20.0;True;Haas F1 Team;10.0
554; 02:14:41.516;HUL;27; 00:01:39.042;26.0;3.0;36.155;44.112;18.775;HARD;21.0;True;Haas F1 Team;10.0
555; 02:16:20.772;HUL;27; 00:01:39.256;27.0;3.0;36.185;44.007;19.064;HARD;22.0;True;Haas F1 Team;10.0
556; 02:17:59.942;HUL;27; 00:01:39.170;28.0;3.0;36.128;44.13;18.912;HARD;23.0;True;Haas F1 Team;10.0
557; 02:19:39.893;HUL;27; 00:01:39.951;29.0;3.0;36.38;44.283;19.288;HARD;24.0;True;Haas F1 Team;10.0
558; 02:21:19.076;HUL;27; 00:01:39.183;30.0;3.0;36.235;44.148;18.8;HARD;25.0;True;Haas F1 Team;10.0
559; 02:22:58.541;HUL;27; 00:01:39.465;31.0;3.0;36.231;44.316;18.918;HARD;26.0;True;Haas F1 Team;10.0
560; 02:24:38.789;HUL;27; 00:01:40.248;32.0;3.0;36.718;44.495;19.035;HARD;27.0;True;Haas F1 Team;10.0
561; 02:26:22.685;HUL;27; 00:01:43.896;33.0;3.0;37.314;45.146;21.436;HARD;28.0;True;Haas F1 Team;13.0
562; 02:28:20.070;HUL;27; 00:01:57.385;34.0;4.0;56.176;42.775;18.434;HARD;1.0;True;Haas F1 Team;15.0
563; 02:29:56.007;HUL;27; 00:01:35.937;35.0;4.0;35.062;42.486;18.389;HARD;2.0;True;Haas F1 Team;14.0
564; 02:31:31.865;HUL;27; 00:01:35.858;36.0;4.0;34.917;42.683;18.258;HARD;3.0;True;Haas F1 Team;14.0
565; 02:33:07.798;HUL;27; 00:01:35.933;37.0;4.0;34.946;42.648;18.339;HARD;4.0;True;Haas F1 Team;14.0
566; 02:34:43.928;HUL;27; 00:01:36.130;38.0;4.0;35.264;42.552;18.314;HARD;5.0;True;Haas F1 Team;14.0
567; 02:36:19.781;HUL;27; 00:01:35.853;39.0;4.0;35.052;42.576;18.225;HARD;6.0;True;Haas F1 Team;14.0
568; 02:37:55.486;HUL;27; 00:01:35.705;40.0;4.0;34.876;42.502;18.327;HARD;7.0;True;Haas F1 Team;14.0
569; 02:39:31.433;HUL;27; 00:01:35.947;41.0;4.0;34.935;42.652;18.36;HARD;8.0;True;Haas F1 Team;14.0
570; 02:41:07.807;HUL;27; 00:01:36.374;42.0;4.0;35.084;42.8;18.49;HARD;9.0;True;Haas F1 Team;14.0
571; 02:42:43.958;HUL;27; 00:01:36.151;43.0;4.0;35.013;42.698;18.44;HARD;10.0;True;Haas F1 Team;14.0
572; 02:44:20.727;HUL;27; 00:01:36.769;44.0;4.0;35.339;43.048;18.382;HARD;11.0;True;Haas F1 Team;14.0
573; 02:45:57.535;HUL;27; 00:01:36.808;45.0;4.0;35.284;42.978;18.546;HARD;12.0;True;Haas F1 Team;14.0
574; 02:47:35.704;HUL;27; 00:01:38.169;46.0;4.0;34.723;42.926;20.52;HARD;13.0;True;Haas F1 Team;13.0
575; 02:49:12.531;HUL;27; 00:01:36.827;47.0;4.0;35.2;43.204;18.423;HARD;14.0;True;Haas F1 Team;13.0
576; 02:50:48.264;HUL;27; 00:01:35.733;48.0;4.0;34.465;42.811;18.457;HARD;15.0;True;Haas F1 Team;12.0
577; 02:52:24.499;HUL;27; 00:01:36.235;49.0;4.0;34.93;42.847;18.458;HARD;16.0;True;Haas F1 Team;12.0
578; 02:54:00.217;HUL;27; 00:01:35.718;50.0;4.0;34.8;42.584;18.334;HARD;17.0;True;Haas F1 Team;12.0
579; 02:55:36.070;HUL;27; 00:01:35.853;51.0;4.0;34.661;42.672;18.52;HARD;18.0;True;Haas F1 Team;12.0
580; 02:57:11.395;HUL;27; 00:01:35.325;52.0;4.0;34.325;42.593;18.407;HARD;19.0;True;Haas F1 Team;11.0
581; 01:05:40.432;STR;18; 00:02:59.595;1.0;1.0;36379;86.629;51.822;SOFT;1.0;True;Aston Martin;17.0
582; 01:34:08.814;STR;18; 00:02:14.682;2.0;2.0;36379;48.537;45.206;SOFT;1.0;True;Aston Martin;14.0
583; 01:36:23.496;STR;18; 00:02:14.682;3.0;2.0;36379;44.866;19.252;SOFT;2.0;True;Aston Martin;13.0
584; 01:38:03.024;STR;18; 00:01:39.528;4.0;2.0;36.379;44.265;18.884;SOFT;3.0;True;Aston Martin;13.0
585; 01:39:42.576;STR;18; 00:01:39.552;5.0;2.0;36.195;44.172;19.185;SOFT;4.0;True;Aston Martin;13.0
586; 01:41:21.322;STR;18; 00:01:38.746;6.0;2.0;35.622;44.199;18.925;SOFT;5.0;True;Aston Martin;11.0
587; 01:42:59.946;STR;18; 00:01:38.624;7.0;2.0;35.863;43.832;18.929;SOFT;6.0;True;Aston Martin;11.0
588; 01:44:38.556;STR;18; 00:01:38.610;8.0;2.0;35.783;43.867;18.96;SOFT;7.0;True;Aston Martin;10.0
589; 01:46:17.437;STR;18; 00:01:38.881;9.0;2.0;35.977;43.935;18.969;SOFT;8.0;True;Aston Martin;10.0
590; 01:47:56.489;STR;18; 00:01:39.052;10.0;2.0;36.006;44.041;19.005;SOFT;9.0;True;Aston Martin;10.0
591; 01:49:35.592;STR;18; 00:01:39.103;11.0;2.0;35.978;44.125;19.0;SOFT;10.0;True;Aston Martin;10.0
592; 01:51:17.230;STR;18; 00:01:41.638;12.0;2.0;36.035;44.258;21.345;SOFT;11.0;True;Aston Martin;10.0
593; 01:53:13.451;STR;18; 00:01:56.221;13.0;3.0;54.666;42.891;18.664;MEDIUM;1.0;True;Aston Martin;17.0
594; 01:54:51.386;STR;18; 00:01:37.935;14.0;3.0;35.636;43.593;18.706;MEDIUM;2.0;True;Aston Martin;16.0
595; 01:56:29.511;STR;18; 00:01:38.125;15.0;3.0;35.618;43.481;19.026;MEDIUM;3.0;True;Aston Martin;15.0
596; 01:58:08.785;STR;18; 00:01:39.274;16.0;3.0;35.918;44.065;19.291;MEDIUM;4.0;True;Aston Martin;15.0
597; 01:59:46.842;STR;18; 00:01:38.057;17.0;3.0;35.629;43.589;18.839;MEDIUM;5.0;True;Aston Martin;14.0
598; 02:01:25.685;STR;18; 00:01:38.843;18.0;3.0;35.501;44.208;19.134;MEDIUM;6.0;True;Aston Martin;14.0
599; 02:03:05.442;STR;18; 00:01:39.757;19.0;3.0;36.33;44.379;19.048;MEDIUM;7.0;True;Aston Martin;14.0
600; 02:04:44.690;STR;18; 00:01:39.248;20.0;3.0;35.822;44.46;18.966;MEDIUM;8.0;True;Aston Martin;14.0
601; 02:06:24.242;STR;18; 00:01:39.552;21.0;3.0;35.859;44.731;18.962;MEDIUM;9.0;True;Aston Martin;14.0
602; 02:08:06.570;STR;18; 00:01:42.328;22.0;3.0;36.035;44.449;21.844;MEDIUM;10.0;True;Aston Martin;15.0
603; 02:10:03.313;STR;18; 00:01:56.743;23.0;4.0;55.229;42.773;18.741;HARD;1.0;True;Aston Martin;12.0
604; 02:11:40.074;STR;18; 00:01:36.761;24.0;4.0;34.994;43.084;18.683;HARD;2.0;True;Aston Martin;12.0
605; 02:13:17.069;STR;18; 00:01:36.995;25.0;4.0;35.236;43.139;18.62;HARD;3.0;True;Aston Martin;12.0
606; 02:14:54.376;STR;18; 00:01:37.307;26.0;4.0;35.367;43.151;18.789;HARD;4.0;True;Aston Martin;12.0
607; 02:16:31.620;STR;18; 00:01:37.244;27.0;4.0;35.314;43.16;18.77;HARD;5.0;True;Aston Martin;12.0
608; 02:18:08.708;STR;18; 00:01:37.088;28.0;4.0;35.185;43.164;18.739;HARD;6.0;True;Aston Martin;12.0
609; 02:19:46.341;STR;18; 00:01:37.633;29.0;4.0;35.486;43.386;18.761;HARD;7.0;True;Aston Martin;12.0
610; 02:21:23.702;STR;18; 00:01:37.361;30.0;4.0;35.342;43.331;18.688;HARD;8.0;True;Aston Martin;12.0
611; 02:23:01.431;STR;18; 00:01:37.729;31.0;4.0;35.408;43.47;18.851;HARD;9.0;True;Aston Martin;12.0
612; 02:24:39.633;STR;18; 00:01:38.202;32.0;4.0;35.605;43.586;19.011;HARD;10.0;True;Aston Martin;12.0
613; 02:26:19.242;STR;18; 00:01:39.609;33.0;4.0;36.585;44.11;18.914;HARD;11.0;True;Aston Martin;11.0
614; 02:27:58.792;STR;18; 00:01:39.550;34.0;4.0;35.382;43.429;20.739;HARD;12.0;True;Aston Martin;11.0
615; 02:29:52.520;STR;18; 00:01:53.728;35.0;5.0;53.224;41.947;18.557;SOFT;1.0;True;Aston Martin;13.0
616; 02:31:28.493;STR;18; 00:01:35.973;36.0;5.0;34.832;42.673;18.468;SOFT;2.0;True;Aston Martin;13.0
617; 02:33:04.777;STR;18; 00:01:36.284;37.0;5.0;34.782;42.762;18.74;SOFT;3.0;True;Aston Martin;13.0
618; 02:34:41.133;STR;18; 00:01:36.356;38.0;5.0;34.904;42.838;18.614;SOFT;4.0;True;Aston Martin;13.0
619; 02:36:17.747;STR;18; 00:01:36.614;39.0;5.0;35.212;42.743;18.659;SOFT;5.0;True;Aston Martin;13.0
620; 02:37:53.591;STR;18; 00:01:35.844;40.0;5.0;34.592;42.607;18.645;SOFT;6.0;True;Aston Martin;13.0
621; 02:39:29.389;STR;18; 00:01:35.798;41.0;5.0;34.43;42.798;18.57;SOFT;7.0;True;Aston Martin;13.0
622; 02:41:05.945;STR;18; 00:01:36.556;42.0;5.0;34.711;43.19;18.655;SOFT;8.0;True;Aston Martin;13.0
623; 02:42:42.448;STR;18; 00:01:36.503;43.0;5.0;34.749;43.089;18.665;SOFT;9.0;True;Aston Martin;13.0
624; 02:44:18.933;STR;18; 00:01:36.485;44.0;5.0;34.701;43.105;18.679;SOFT;10.0;True;Aston Martin;13.0
625; 02:45:55.739;STR;18; 00:01:36.806;45.0;5.0;34.907;43.277;18.622;SOFT;11.0;True;Aston Martin;12.0
626; 02:47:32.089;STR;18; 00:01:36.350;46.0;5.0;34.609;42.99;18.751;SOFT;12.0;True;Aston Martin;11.0
627; 02:49:08.793;STR;18; 00:01:36.704;47.0;5.0;34.8;43.109;18.795;SOFT;13.0;True;Aston Martin;11.0
628; 02:50:46.826;STR;18; 00:01:38.033;48.0;5.0;34.619;43.068;20.346;SOFT;14.0;True;Aston Martin;11.0
629; 02:52:23.207;STR;18; 00:01:36.381;49.0;5.0;34.751;42.969;18.661;SOFT;15.0;True;Aston Martin;11.0
630; 02:53:59.372;STR;18; 00:01:36.165;50.0;5.0;34.462;43.069;18.634;SOFT;16.0;True;Aston Martin;11.0
631; 02:55:35.642;STR;18; 00:01:36.270;51.0;5.0;34.492;42.926;18.852;SOFT;17.0;True;Aston Martin;11.0
632; 02:57:15.460;STR;18; 00:01:39.818;52.0;5.0;35.758;43.278;20.782;SOFT;18.0;True;Aston Martin;12.0
633; 01:05:45.983;MAG;20; 00:03:05.172;1.0;1.0;68747;88.402;55.147;MEDIUM;1.0;True;Haas F1 Team;18.0
634; 01:34:11.394;MAG;20; 00:02:12.996;2.0;2.0;68747;46.733;44.726;MEDIUM;1.0;True;Haas F1 Team;15.0
635; 01:36:24.390;MAG;20; 00:02:12.996;3.0;2.0;68.747;45.117;19.132;MEDIUM;2.0;True;Haas F1 Team;15.0
636; 01:38:04.493;MAG;20; 00:01:40.103;4.0;2.0;36.735;44.554;18.814;MEDIUM;3.0;True;Haas F1 Team;15.0
637; 01:39:43.885;MAG;20; 00:01:39.392;5.0;2.0;36.288;44.278;18.826;MEDIUM;4.0;True;Haas F1 Team;15.0
638; 01:41:23.911;MAG;20; 00:01:40.026;6.0;2.0;36.586;44.603;18.837;MEDIUM;5.0;True;Haas F1 Team;15.0
639; 01:43:04.268;MAG;20; 00:01:40.357;7.0;2.0;36.824;44.474;19.059;MEDIUM;6.0;True;Haas F1 Team;14.0
640; 01:44:43.869;MAG;20; 00:01:39.601;8.0;2.0;36.395;44.266;18.94;MEDIUM;7.0;True;Haas F1 Team;12.0
641; 01:46:24.120;MAG;20; 00:01:40.251;9.0;2.0;36.807;44.4;19.044;MEDIUM;8.0;True;Haas F1 Team;12.0
642; 01:48:04.297;MAG;20; 00:01:40.177;10.0;2.0;36.841;44.388;18.948;MEDIUM;9.0;True;Haas F1 Team;12.0
643; 01:49:44.197;MAG;20; 00:01:39.900;11.0;2.0;36.701;44.257;18.942;MEDIUM;10.0;True;Haas F1 Team;12.0
644; 01:51:24.457;MAG;20; 00:01:40.260;12.0;2.0;36.607;44.569;19.084;MEDIUM;11.0;True;Haas F1 Team;12.0
645; 01:53:03.724;MAG;20; 00:01:39.267;13.0;2.0;36.061;44.27;18.936;MEDIUM;12.0;True;Haas F1 Team;9.0
646; 01:54:44.510;MAG;20; 00:01:40.786;14.0;2.0;36.9;44.91;18.976;MEDIUM;13.0;True;Haas F1 Team;10.0
647; 01:56:23.883;MAG;20; 00:01:39.373;15.0;2.0;36.273;44.29;18.81;MEDIUM;14.0;True;Haas F1 Team;10.0
648; 01:58:03.697;MAG;20; 00:01:39.814;16.0;2.0;36.699;44.257;18.858;MEDIUM;15.0;True;Haas F1 Team;10.0
649; 01:59:43.425;MAG;20; 00:01:39.728;17.0;2.0;36.516;44.338;18.874;MEDIUM;16.0;True;Haas F1 Team;10.0
650; 02:01:23.090;MAG;20; 00:01:39.665;18.0;2.0;36.424;44.343;18.898;MEDIUM;17.0;True;Haas F1 Team;10.0
651; 02:03:02.628;MAG;20; 00:01:39.538;19.0;2.0;36.438;44.295;18.805;MEDIUM;18.0;True;Haas F1 Team;10.0
652; 02:04:41.890;MAG;20; 00:01:39.262;20.0;2.0;36.242;44.247;18.773;MEDIUM;19.0;True;Haas F1 Team;10.0
653; 02:06:21.435;MAG;20; 00:01:39.545;21.0;2.0;36.376;44.316;18.853;MEDIUM;20.0;True;Haas F1 Team;10.0
654; 02:08:03.599;MAG;20; 00:01:42.164;22.0;2.0;36.533;44.445;21.186;MEDIUM;21.0;True;Haas F1 Team;10.0
655; 02:10:05.175;MAG;20; 00:02:01.576;23.0;3.0;59.681;43.157;18.738;HARD;1.0;True;Haas F1 Team;14.0
656; 02:11:41.829;MAG;20; 00:01:36.654;24.0;3.0;35.152;43.007;18.495;HARD;2.0;True;Haas F1 Team;13.0
657; 02:13:18.862;MAG;20; 00:01:37.033;25.0;3.0;35.287;43.19;18.556;HARD;3.0;True;Haas F1 Team;13.0
658; 02:14:56.007;MAG;20; 00:01:37.145;26.0;3.0;35.497;43.233;18.415;HARD;4.0;True;Haas F1 Team;13.0
659; 02:16:33.402;MAG;20; 00:01:37.395;27.0;3.0;35.533;43.286;18.576;HARD;5.0;True;Haas F1 Team;13.0
660; 02:18:10.906;MAG;20; 00:01:37.504;28.0;3.0;35.641;43.356;18.507;HARD;6.0;True;Haas F1 Team;13.0
661; 02:19:48.794;MAG;20; 00:01:37.888;29.0;3.0;35.705;43.571;18.612;HARD;7.0;True;Haas F1 Team;13.0
662; 02:21:26.808;MAG;20; 00:01:38.014;30.0;3.0;35.748;43.633;18.633;HARD;8.0;True;Haas F1 Team;13.0
663; 02:23:05.306;MAG;20; 00:01:38.498;31.0;3.0;35.9;43.781;18.817;HARD;9.0;True;Haas F1 Team;13.0
664; 02:24:43.963;MAG;20; 00:01:38.657;32.0;3.0;36.033;43.776;18.848;HARD;10.0;True;Haas F1 Team;13.0
665; 02:26:22.543;MAG;20; 00:01:38.580;33.0;3.0;35.912;43.84;18.828;HARD;11.0;True;Haas F1 Team;12.0
666; 02:28:00.473;MAG;20; 00:01:37.930;34.0;3.0;35.636;43.667;18.627;HARD;12.0;True;Haas F1 Team;12.0
667; 02:29:38.519;MAG;20; 00:01:38.046;35.0;3.0;35.67;43.646;18.73;HARD;13.0;True;Haas F1 Team;11.0
668; 02:31:16.597;MAG;20; 00:01:38.078;36.0;3.0;35.813;43.586;18.679;HARD;14.0;True;Haas F1 Team;11.0
669; 02:32:54.259;MAG;20; 00:01:37.662;37.0;3.0;35.455;43.443;18.764;HARD;15.0;True;Haas F1 Team;11.0
670; 02:34:32.048;MAG;20; 00:01:37.789;38.0;3.0;35.622;43.476;18.691;HARD;16.0;True;Haas F1 Team;11.0
671; 02:36:09.601;MAG;20; 00:01:37.553;39.0;3.0;35.416;43.487;18.65;HARD;17.0;True;Haas F1 Team;11.0
672; 02:37:47.143;MAG;20; 00:01:37.542;40.0;3.0;35.427;43.508;18.607;HARD;18.0;True;Haas F1 Team;11.0
673; 02:39:24.656;MAG;20; 00:01:37.513;41.0;3.0;35.384;43.521;18.608;HARD;19.0;True;Haas F1 Team;11.0
674; 02:41:02.624;MAG;20; 00:01:37.968;42.0;3.0;35.401;43.692;18.875;HARD;20.0;True;Haas F1 Team;11.0
675; 02:42:40;MAG;20; 00:01:37.376;43.0;3.0;35.358;43.384;18.634;HARD;21.0;True;Haas F1 Team;11.0
676; 02:44:17.475;MAG;20; 00:01:37.475;44.0;3.0;35.457;43.284;18.734;HARD;22.0;True;Haas F1 Team;11.0
677; 02:45:55.149;MAG;20; 00:01:37.674;45.0;3.0;35.407;43.626;18.641;HARD;23.0;True;Haas F1 Team;11.0
678; 02:47:33.481;MAG;20; 00:01:38.332;46.0;3.0;35.79;43.798;18.744;HARD;24.0;True;Haas F1 Team;12.0
679; 02:49:12.188;MAG;20; 00:01:38.707;47.0;3.0;35.559;44.4;18.748;HARD;25.0;True;Haas F1 Team;12.0
680; 02:50:50.507;MAG;20; 00:01:38.319;48.0;3.0;36.163;43.494;18.662;HARD;26.0;True;Haas F1 Team;13.0
681; 02:52:28.026;MAG;20; 00:01:37.519;49.0;3.0;35.374;43.567;18.578;HARD;27.0;True;Haas F1 Team;13.0
682; 02:54:05.446;MAG;20; 00:01:37.420;50.0;3.0;35.312;43.481;18.627;HARD;28.0;True;Haas F1 Team;13.0
683; 02:55:44.324;MAG;20; 00:01:38.878;51.0;3.0;36.111;44.113;18.654;HARD;29.0;True;Haas F1 Team;13.0
684; 02:57:22.146;MAG;20; 00:01:37.822;52.0;3.0;35.526;43.648;18.648;HARD;30.0;True;Haas F1 Team;13.0
685; 01:05:25.539;BOT;77; 00:02:44.736;1.0;1.0;85037;81.589;43.219;SOFT;1.0;True;Kick Sauber;13.0
686; 01:33:53.975;BOT;77; 00:02:28.991;2.0;2.0;85037;47.639;46.812;SOFT;2.0;False;Kick Sauber;11.0
687; 01:36:22.966;BOT;77; 00:02:28.991;3.0;2.0;85.037;44.89;19.064;SOFT;3.0;False;Kick Sauber;12.0
688; 01:38:02.428;BOT;77; 00:01:39.462;4.0;2.0;36.346;44.258;18.858;SOFT;4.0;False;Kick Sauber;12.0
689; 01:39:40.707;BOT;77; 00:01:38.279;5.0;2.0;35.077;44.436;18.766;SOFT;5.0;False;Kick Sauber;11.0
690; 01:41:21.995;BOT;77; 00:01:41.288;6.0;2.0;35.946;44.383;20.959;SOFT;6.0;False;Kick Sauber;12.0
691; 01:43:19.444;BOT;77; 00:01:57.449;7.0;3.0;56.18;42.822;18.447;HARD;1.0;True;Kick Sauber;17.0
692; 01:44:56.150;BOT;77; 00:01:36.706;8.0;3.0;34.647;43.282;18.777;HARD;2.0;True;Kick Sauber;15.0
693; 01:46:33.556;BOT;77; 00:01:37.406;9.0;3.0;35.119;43.512;18.775;HARD;3.0;True;Kick Sauber;15.0
694; 01:48:11.007;BOT;77; 00:01:37.451;10.0;3.0;35.294;43.417;18.74;HARD;4.0;True;Kick Sauber;15.0
695; 01:49:49.439;BOT;77; 00:01:38.432;11.0;3.0;35.641;43.995;18.796;HARD;5.0;True;Kick Sauber;15.0
696; 01:51:30.130;BOT;77; 00:01:40.691;12.0;3.0;36.34;44.964;19.387;HARD;6.0;True;Kick Sauber;15.0
697; 01:53:08.412;BOT;77; 00:01:38.282;13.0;3.0;35.372;43.985;18.925;HARD;7.0;True;Kick Sauber;13.0
698; 01:54:47.129;BOT;77; 00:01:38.717;14.0;3.0;35.551;44.191;18.975;HARD;8.0;True;Kick Sauber;13.0
699; 01:56:27.549;BOT;77; 00:01:40.420;15.0;3.0;36.412;44.941;19.067;HARD;9.0;True;Kick Sauber;13.0
700; 01:58:06.182;BOT;77; 00:01:38.633;16.0;3.0;35.531;44.299;18.803;HARD;10.0;True;Kick Sauber;12.0
701; 01:59:44.900;BOT;77; 00:01:38.718;17.0;3.0;35.635;44.402;18.681;HARD;11.0;True;Kick Sauber;12.0
702; 02:01:23.730;BOT;77; 00:01:38.830;18.0;3.0;35.478;44.377;18.975;HARD;12.0;True;Kick Sauber;11.0
703; 02:03:03.362;BOT;77; 00:01:39.632;19.0;3.0;36.228;44.499;18.905;HARD;13.0;True;Kick Sauber;11.0
704; 02:04:42.475;BOT;77; 00:01:39.113;20.0;3.0;36.034;44.306;18.773;HARD;14.0;True;Kick Sauber;11.0
705; 02:06:21.932;BOT;77; 00:01:39.457;21.0;3.0;36.279;44.414;18.764;HARD;15.0;True;Kick Sauber;11.0
706; 02:08:04.243;BOT;77; 00:01:42.311;22.0;3.0;36.345;44.538;21.428;HARD;16.0;True;Kick Sauber;11.0
707; 02:10:05.890;BOT;77; 00:02:01.647;23.0;4.0;59.413;43.554;18.68;HARD;1.0;True;Kick Sauber;15.0
708; 02:11:44.016;BOT;77; 00:01:38.126;24.0;4.0;35.673;43.631;18.822;HARD;2.0;True;Kick Sauber;15.0
709; 02:13:20.624;BOT;77; 00:01:36.608;25.0;4.0;34.464;43.448;18.696;HARD;3.0;True;Kick Sauber;14.0
710; 02:14:57.482;BOT;77; 00:01:36.858;26.0;4.0;35.057;43.206;18.595;HARD;4.0;True;Kick Sauber;14.0
711; 02:16:34.104;BOT;77; 00:01:36.622;27.0;4.0;34.846;43.337;18.439;HARD;5.0;True;Kick Sauber;14.0
712; 02:18:11.576;BOT;77; 00:01:37.472;28.0;4.0;35.328;43.557;18.587;HARD;6.0;True;Kick Sauber;14.0
713; 02:19:49.288;BOT;77; 00:01:37.712;29.0;4.0;35.456;43.629;18.627;HARD;7.0;True;Kick Sauber;14.0
714; 02:21:27.541;BOT;77; 00:01:38.253;30.0;4.0;35.768;43.794;18.691;HARD;8.0;True;Kick Sauber;14.0
715; 02:23:05.599;BOT;77; 00:01:38.058;31.0;4.0;35.462;43.806;18.79;HARD;9.0;True;Kick Sauber;14.0
716; 02:24:44.347;BOT;77; 00:01:38.748;32.0;4.0;36.036;43.921;18.791;HARD;10.0;True;Kick Sauber;14.0
717; 02:26:23.069;BOT;77; 00:01:38.722;33.0;4.0;35.807;44.043;18.872;HARD;11.0;True;Kick Sauber;14.0
718; 02:28:01.072;BOT;77; 00:01:38.003;34.0;4.0;35.614;43.707;18.682;HARD;12.0;True;Kick Sauber;13.0
719; 02:29:39.079;BOT;77; 00:01:38.007;35.0;4.0;35.4;43.863;18.744;HARD;13.0;True;Kick Sauber;12.0
720; 02:31:17.336;BOT;77; 00:01:38.257;36.0;4.0;35.589;43.937;18.731;HARD;14.0;True;Kick Sauber;12.0
721; 02:32:54.938;BOT;77; 00:01:37.602;37.0;4.0;35.295;43.564;18.743;HARD;15.0;True;Kick Sauber;12.0
722; 02:34:32.938;BOT;77; 00:01:38;38.0;4.0;35.557;43.663;18.78;HARD;16.0;True;Kick Sauber;12.0
723; 02:36:10.170;BOT;77; 00:01:37.232;39.0;4.0;35.03;43.558;18.644;HARD;17.0;True;Kick Sauber;12.0
724; 02:37:48.028;BOT;77; 00:01:37.858;40.0;4.0;35.403;43.638;18.817;HARD;18.0;True;Kick Sauber;12.0
725; 02:39:25.340;BOT;77; 00:01:37.312;41.0;4.0;35.033;43.546;18.733;HARD;19.0;True;Kick Sauber;12.0
726; 02:41:03.341;BOT;77; 00:01:38.001;42.0;4.0;35.378;43.724;18.899;HARD;20.0;True;Kick Sauber;12.0
727; 02:42:40.785;BOT;77; 00:01:37.444;43.0;4.0;35.154;43.572;18.718;HARD;21.0;True;Kick Sauber;12.0
728; 02:44:18.292;BOT;77; 00:01:37.507;44.0;4.0;35.075;43.658;18.774;HARD;22.0;True;Kick Sauber;12.0
729; 02:45:57.026;BOT;77; 00:01:38.734;45.0;4.0;36.119;43.83;18.785;HARD;23.0;True;Kick Sauber;13.0
730; 02:47:36.992;BOT;77; 00:01:39.966;46.0;4.0;36.116;44.703;19.147;HARD;24.0;True;Kick Sauber;14.0
731; 02:49:14.892;BOT;77; 00:01:37.900;47.0;4.0;35.235;43.816;18.849;HARD;25.0;True;Kick Sauber;14.0
732; 02:50:52.098;BOT;77; 00:01:37.206;48.0;4.0;34.903;43.463;18.84;HARD;26.0;True;Kick Sauber;14.0
733; 02:52:29.042;BOT;77; 00:01:36.944;49.0;4.0;34.93;43.286;18.728;HARD;27.0;True;Kick Sauber;14.0
734; 02:54:08.237;BOT;77; 00:01:39.195;50.0;4.0;34.838;43.645;20.712;HARD;28.0;True;Kick Sauber;14.0
735; 02:55:45.393;BOT;77; 00:01:37.156;51.0;4.0;34.963;43.492;18.701;HARD;29.0;True;Kick Sauber;14.0
736; 02:57:23.120;BOT;77; 00:01:37.727;52.0;4.0;35.035;43.644;19.048;HARD;30.0;True;Kick Sauber;14.0
737; 01:05:31.019;OCO;31; 00:02:50.167;1.0;1.0;76397;84.316;45.396;SOFT;1.0;True;Alpine;15.0
738; 01:34:02.437;OCO;31; 00:02:20.237;2.0;2.0;76397;47.17;47.248;HARD;1.0;True;Alpine;12.0
739; 01:36:22.674;OCO;31; 00:02:20.237;3.0;2.0;76.397;44.751;19.089;HARD;2.0;True;Alpine;11.0
740; 01:38:02.215;OCO;31; 00:01:39.541;4.0;2.0;36.369;44.208;18.964;HARD;3.0;True;Alpine;11.0
741; 01:39:42.296;OCO;31; 00:01:40.081;5.0;2.0;36.454;44.473;19.154;HARD;4.0;True;Alpine;12.0
742; 01:41:22.792;OCO;31; 00:01:40.496;6.0;2.0;36.78;44.623;19.093;HARD;5.0;True;Alpine;13.0
743; 01:43:02.536;OCO;31; 00:01:39.744;7.0;2.0;36.288;44.462;18.994;HARD;6.0;True;Alpine;12.0
744; 01:44:42.545;OCO;31; 00:01:40.009;8.0;2.0;36.225;44.638;19.146;HARD;7.0;True;Alpine;11.0
745; 01:46:22.839;OCO;31; 00:01:40.294;9.0;2.0;36.268;44.745;19.281;HARD;8.0;True;Alpine;11.0
746; 01:48:03.154;OCO;31; 00:01:40.315;10.0;2.0;36.333;44.822;19.16;HARD;9.0;True;Alpine;11.0
747; 01:49:43.525;OCO;31; 00:01:40.371;11.0;2.0;36.426;44.729;19.216;HARD;10.0;True;Alpine;11.0
748; 01:51:24.085;OCO;31; 00:01:40.560;12.0;2.0;36.536;44.765;19.259;HARD;11.0;True;Alpine;11.0
749; 01:53:05.426;OCO;31; 00:01:41.341;13.0;2.0;37.253;44.865;19.223;HARD;12.0;True;Alpine;10.0
750; 01:54:46.213;OCO;31; 00:01:40.787;14.0;2.0;36.925;44.652;19.21;HARD;13.0;True;Alpine;11.0
751; 01:56:27.174;OCO;31; 00:01:40.961;15.0;2.0;37.115;44.645;19.201;HARD;14.0;True;Alpine;12.0
752; 01:58:07.866;OCO;31; 00:01:40.692;16.0;2.0;37.008;44.508;19.176;HARD;15.0;True;Alpine;13.0
753; 01:59:48.795;OCO;31; 00:01:40.929;17.0;2.0;36.929;44.763;19.237;HARD;16.0;True;Alpine;15.0
754; 02:01:29.532;OCO;31; 00:01:40.737;18.0;2.0;37.084;44.553;19.1;HARD;17.0;True;Alpine;16.0
755; 02:03:11.815;OCO;31; 00:01:42.283;19.0;2.0;36.254;44.342;21.687;HARD;18.0;True;Alpine;16.0
756; 02:05:10.190;OCO;31; 00:01:58.375;20.0;3.0;55.949;43.653;18.773;HARD;1.0;True;Alpine;16.0
757; 02:06:47.906;OCO;31; 00:01:37.716;21.0;3.0;35.355;43.59;18.771;HARD;2.0;True;Alpine;16.0
758; 02:08:25.681;OCO;31; 00:01:37.775;22.0;3.0;35.349;43.541;18.885;HARD;3.0;True;Alpine;16.0
759; 02:10:04.900;OCO;31; 00:01:39.219;23.0;3.0;36.493;43.786;18.94;HARD;4.0;True;Alpine;13.0
760; 02:11:43.824;OCO;31; 00:01:38.924;24.0;3.0;36.307;43.744;18.873;HARD;5.0;True;Alpine;14.0
761; 02:13:22.908;OCO;31; 00:01:39.084;25.0;3.0;36.212;43.955;18.917;HARD;6.0;True;Alpine;15.0
762; 02:15:01.519;OCO;31; 00:01:38.611;26.0;3.0;35.898;43.795;18.918;HARD;7.0;True;Alpine;15.0
763; 02:16:40.462;OCO;31; 00:01:38.943;27.0;3.0;36.166;43.859;18.918;HARD;8.0;True;Alpine;16.0
764; 02:18:19.074;OCO;31; 00:01:38.612;28.0;3.0;35.712;43.966;18.934;HARD;9.0;True;Alpine;16.0
765; 02:19:57.776;OCO;31; 00:01:38.702;29.0;3.0;35.779;43.978;18.945;HARD;10.0;True;Alpine;16.0
766; 02:21:36.275;OCO;31; 00:01:38.499;30.0;3.0;35.656;43.933;18.91;HARD;11.0;True;Alpine;16.0
767; 02:23:14.937;OCO;31; 00:01:38.662;31.0;3.0;35.716;43.98;18.966;HARD;12.0;True;Alpine;16.0
768; 02:24:53.303;OCO;31; 00:01:38.366;32.0;3.0;35.533;43.946;18.887;HARD;13.0;True;Alpine;16.0
769; 02:26:34.067;OCO;31; 00:01:40.764;33.0;3.0;35.559;43.754;21.451;HARD;14.0;True;Alpine;16.0
770; 02:28:31.898;OCO;31; 00:01:57.831;34.0;4.0;55.964;43.297;18.57;MEDIUM;1.0;True;Alpine;16.0
771; 02:30:09.024;OCO;31; 00:01:37.126;35.0;4.0;35.156;43.358;18.612;MEDIUM;2.0;True;Alpine;16.0
772; 02:31:46.007;OCO;31; 00:01:36.983;36.0;4.0;35.117;43.291;18.575;MEDIUM;3.0;True;Alpine;16.0
773; 02:33:24.770;OCO;31; 00:01:38.763;37.0;4.0;35.182;44.096;19.485;MEDIUM;4.0;True;Alpine;16.0
774; 02:35:01.484;OCO;31; 00:01:36.714;38.0;4.0;34.88;43.199;18.635;MEDIUM;5.0;True;Alpine;16.0
775; 02:36:38.542;OCO;31; 00:01:37.058;39.0;4.0;34.945;43.411;18.702;MEDIUM;6.0;True;Alpine;16.0
776; 02:38:16.122;OCO;31; 00:01:37.580;40.0;4.0;35.037;43.406;19.137;MEDIUM;7.0;True;Alpine;16.0
777; 02:39:55.130;OCO;31; 00:01:39.008;41.0;4.0;36.091;44.241;18.676;MEDIUM;8.0;True;Alpine;15.0
778; 02:41:32.259;OCO;31; 00:01:37.129;42.0;4.0;34.865;43.459;18.805;MEDIUM;9.0;True;Alpine;15.0
779; 02:43:09.737;OCO;31; 00:01:37.478;43.0;4.0;35.112;43.498;18.868;MEDIUM;10.0;True;Alpine;15.0
780; 02:44:50.698;OCO;31; 00:01:40.961;44.0;4.0;37.447;44.739;18.775;MEDIUM;11.0;True;Alpine;15.0
781; 02:46:27.681;OCO;31; 00:01:36.983;45.0;4.0;34.933;43.237;18.813;MEDIUM;12.0;True;Alpine;15.0
782; 02:48:04.772;OCO;31; 00:01:37.091;46.0;4.0;35.059;43.245;18.787;MEDIUM;13.0;True;Alpine;15.0
783; 02:49:42.153;OCO;31; 00:01:37.381;47.0;4.0;35.056;43.458;18.867;MEDIUM;14.0;True;Alpine;15.0
784; 02:51:18.989;OCO;31; 00:01:36.836;48.0;4.0;34.81;43.239;18.787;MEDIUM;15.0;True;Alpine;15.0
785; 02:52:55.680;OCO;31; 00:01:36.691;49.0;4.0;34.735;43.248;18.708;MEDIUM;16.0;True;Alpine;15.0
786; 02:54:32.316;OCO;31; 00:01:36.636;50.0;4.0;34.62;43.263;18.753;MEDIUM;17.0;True;Alpine;15.0
787; 02:56:09.147;OCO;31; 00:01:36.831;51.0;4.0;34.767;43.263;18.801;MEDIUM;18.0;True;Alpine;15.0
788; 02:57:45.379;OCO;31; 00:01:36.232;52.0;4.0;34.512;42.973;18.747;MEDIUM;19.0;True;Alpine;15.0
789; 01:05:33.918;GAS;10; 00:02:53.223;1.0;1.0;74063;85.099;47.334;SOFT;1.0;True;Alpine;16.0
790; 01:34:05.610;GAS;10; 00:02:18.362;2.0;2.0;74063;48.342;45.231;HARD;1.0;True;Alpine;13.0
791; 01:36:23.972;GAS;10; 00:02:18.362;3.0;2.0;74.063;45.103;19.196;HARD;2.0;True;Alpine;14.0
792; 01:38:03.897;GAS;10; 00:01:39.925;4.0;2.0;36.68;44.41;18.835;HARD;3.0;True;Alpine;14.0
793; 01:39:43.370;GAS;10; 00:01:39.473;5.0;2.0;36.122;44.509;18.842;HARD;4.0;True;Alpine;14.0
794; 01:41:23.627;GAS;10; 00:01:40.257;6.0;2.0;36.667;44.516;19.074;HARD;5.0;True;Alpine;14.0
795; 01:43:03.875;GAS;10; 00:01:40.248;7.0;2.0;36.461;44.726;19.061;HARD;6.0;True;Alpine;13.0
796; 01:44:45.238;GAS;10; 00:01:41.363;8.0;2.0;37.525;44.759;19.079;HARD;7.0;True;Alpine;13.0
797; 01:46:26.018;GAS;10; 00:01:40.780;9.0;2.0;36.84;44.704;19.236;HARD;8.0;True;Alpine;13.0
798; 01:48:07.135;GAS;10; 00:01:41.117;10.0;2.0;36.846;44.878;19.393;HARD;9.0;True;Alpine;13.0
799; 01:49:48.763;GAS;10; 00:01:41.628;11.0;2.0;37.365;45.056;19.207;HARD;10.0;True;Alpine;14.0
800; 01:51:29.870;GAS;10; 00:01:41.107;12.0;2.0;36.798;45.061;19.248;HARD;11.0;True;Alpine;14.0
801; 01:53:12.345;GAS;10; 00:01:42.475;13.0;2.0;37.619;45.216;19.64;HARD;12.0;True;Alpine;15.0
802; 01:54:54.118;GAS;10; 00:01:41.773;14.0;2.0;37.405;45.186;19.182;HARD;13.0;True;Alpine;17.0
803; 01:56:35.498;GAS;10; 00:01:41.380;15.0;2.0;37.047;45.092;19.241;HARD;14.0;True;Alpine;17.0
804; 01:58:18.974;GAS;10; 00:01:43.476;16.0;2.0;36.884;44.836;21.756;HARD;15.0;True;Alpine;17.0
805; 02:00:17.706;GAS;10; 00:01:58.732;17.0;3.0;56.331;43.543;18.858;MEDIUM;1.0;True;Alpine;17.0
806; 02:01:56.080;GAS;10; 00:01:38.374;18.0;3.0;35.683;43.868;18.823;MEDIUM;2.0;True;Alpine;17.0
807; 02:03:34.679;GAS;10; 00:01:38.599;19.0;3.0;35.764;43.918;18.917;MEDIUM;3.0;True;Alpine;17.0
808; 02:05:13.420;GAS;10; 00:01:38.741;20.0;3.0;35.953;43.915;18.873;MEDIUM;4.0;True;Alpine;17.0
809; 02:06:51.835;GAS;10; 00:01:38.415;21.0;3.0;35.664;43.851;18.9;MEDIUM;5.0;True;Alpine;17.0
810; 02:08:30.217;GAS;10; 00:01:38.382;22.0;3.0;35.706;43.824;18.852;MEDIUM;6.0;True;Alpine;17.0
811; 02:10:10.033;GAS;10; 00:01:39.816;23.0;3.0;36.281;44.48;19.055;MEDIUM;7.0;True;Alpine;17.0
812; 02:11:48.814;GAS;10; 00:01:38.781;24.0;3.0;35.817;44.156;18.808;MEDIUM;8.0;True;Alpine;17.0
813; 02:13:27.848;GAS;10; 00:01:39.034;25.0;3.0;35.854;44.108;19.072;MEDIUM;9.0;True;Alpine;17.0
814; 02:15:06.806;GAS;10; 00:01:38.958;26.0;3.0;36.002;44.005;18.951;MEDIUM;10.0;True;Alpine;17.0
815; 02:16:45.708;GAS;10; 00:01:38.902;27.0;3.0;35.94;43.985;18.977;MEDIUM;11.0;True;Alpine;17.0
816; 02:18:24.581;GAS;10; 00:01:38.873;28.0;3.0;35.958;44.022;18.893;MEDIUM;12.0;True;Alpine;17.0
817; 02:20:03.633;GAS;10; 00:01:39.052;29.0;3.0;36.038;44.122;18.892;MEDIUM;13.0;True;Alpine;17.0
818; 02:21:42.527;GAS;10; 00:01:38.894;30.0;3.0;35.924;44.011;18.959;MEDIUM;14.0;True;Alpine;17.0
819; 02:23:21.977;GAS;10; 00:01:39.450;31.0;3.0;36.074;44.302;19.074;MEDIUM;15.0;True;Alpine;17.0
820; 02:25:03.705;GAS;10; 00:01:41.728;32.0;3.0;36.112;44.223;21.393;MEDIUM;16.0;True;Alpine;17.0
821; 02:27:01.538;GAS;10; 00:01:57.833;33.0;4.0;55.446;43.566;18.821;HARD;1.0;True;Alpine;17.0
822; 02:28:40.209;GAS;10; 00:01:38.671;34.0;4.0;35.397;43.833;19.441;HARD;2.0;True;Alpine;17.0
823; 02:30:17.865;GAS;10; 00:01:37.656;35.0;4.0;35.565;43.366;18.725;HARD;3.0;True;Alpine;17.0
824; 02:31:55.148;GAS;10; 00:01:37.283;36.0;4.0;35.261;43.349;18.673;HARD;4.0;True;Alpine;17.0
825; 02:33:33.574;GAS;10; 00:01:38.426;37.0;4.0;36.064;43.658;18.704;HARD;5.0;True;Alpine;17.0
826; 02:35:10.330;GAS;10; 00:01:36.756;38.0;4.0;34.95;43.183;18.623;HARD;6.0;True;Alpine;17.0
827; 02:36:50.553;GAS;10; 00:01:40.223;39.0;4.0;36.267;43.762;20.194;HARD;7.0;True;Alpine;17.0
828; 02:38:28.625;GAS;10; 00:01:38.072;40.0;4.0;35.041;44.271;18.76;HARD;8.0;True;Alpine;17.0
829; 02:40:06.102;GAS;10; 00:01:37.477;41.0;4.0;34.976;43.914;18.587;HARD;9.0;True;Alpine;16.0
830; 02:41:43.116;GAS;10; 00:01:37.014;42.0;4.0;34.965;43.408;18.641;HARD;10.0;True;Alpine;16.0
831; 02:43:19.915;GAS;10; 00:01:36.799;43.0;4.0;35.047;43.044;18.708;HARD;11.0;True;Alpine;16.0
832; 02:44:57.116;GAS;10; 00:01:37.201;44.0;4.0;35.111;43.19;18.9;HARD;12.0;True;Alpine;16.0
833; 02:46:34.058;GAS;10; 00:01:36.942;45.0;4.0;35.011;43.136;18.795;HARD;13.0;True;Alpine;16.0
834; 02:48:11.055;GAS;10; 00:01:36.997;46.0;4.0;35.067;43.222;18.708;HARD;14.0;True;Alpine;16.0
835; 02:49:47.814;GAS;10; 00:01:36.759;47.0;4.0;34.987;43.131;18.641;HARD;15.0;True;Alpine;16.0
836; 02:51:24.456;GAS;10; 00:01:36.642;48.0;4.0;34.847;43.208;18.587;HARD;16.0;True;Alpine;16.0
837; 02:53:03.106;GAS;10; 00:01:38.650;49.0;4.0;34.862;44.189;19.599;HARD;17.0;True;Alpine;16.0
838; 02:54:44.067;GAS;10; 00:01:40.961;50.0;4.0;37.653;44.508;18.8;HARD;18.0;True;Alpine;16.0
839; 02:56:21.788;GAS;10; 00:01:37.721;51.0;4.0;35.321;43.56;18.84;HARD;19.0;True;Alpine;16.0
840; 02:57:59.293;GAS;10; 00:01:37.505;52.0;4.0;35.149;43.604;18.752;HARD;20.0;True;Alpine;16.0
841; 01:05:49.309;SAR;2; 00:03:08.456;1.0;1.0;67556;89.197;57.246;SOFT;1.0;True;Williams;19.0
842; 01:34:13.646;SAR;2; 00:02:12.603;2.0;2.0;67556;44.751;44.921;HARD;1.0;True;Williams;16.0
843; 01:36:26.249;SAR;2; 00:02:12.603;3.0;2.0;67.556;45.219;19.828;HARD;2.0;True;Williams;18.0
844; 01:38:06.673;SAR;2; 00:01:40.424;4.0;2.0;36.434;44.774;19.216;HARD;3.0;True;Williams;18.0
845; 01:39:46.341;SAR;2; 00:01:39.668;5.0;2.0;36.207;44.33;19.131;HARD;4.0;True;Williams;17.0
846; 01:41:25.923;SAR;2; 00:01:39.582;6.0;2.0;36.092;44.349;19.141;HARD;5.0;True;Williams;17.0
847; 01:43:05.978;SAR;2; 00:01:40.055;7.0;2.0;36.282;44.698;19.075;HARD;6.0;True;Williams;15.0
848; 01:44:45.633;SAR;2; 00:01:39.655;8.0;2.0;36.25;44.365;19.04;HARD;7.0;True;Williams;14.0
849; 01:46:26.504;SAR;2; 00:01:40.871;9.0;2.0;36.826;44.553;19.492;HARD;8.0;True;Williams;14.0
850; 01:48:07.420;SAR;2; 00:01:40.916;10.0;2.0;36.7;44.669;19.547;HARD;9.0;True;Williams;14.0
851; 01:49:46.768;SAR;2; 00:01:39.348;11.0;2.0;35.793;44.379;19.176;HARD;10.0;True;Williams;13.0
852; 01:51:26.679;SAR;2; 00:01:39.911;12.0;2.0;36.178;44.696;19.037;HARD;11.0;True;Williams;13.0
853; 01:53:06.876;SAR;2; 00:01:40.197;13.0;2.0;36.308;44.799;19.09;HARD;12.0;True;Williams;12.0
854; 01:54:46.589;SAR;2; 00:01:39.713;14.0;2.0;36.063;44.664;18.986;HARD;13.0;True;Williams;12.0
855; 01:56:25.957;SAR;2; 00:01:39.368;15.0;2.0;35.94;44.433;18.995;HARD;14.0;True;Williams;11.0
856; 01:58:05.361;SAR;2; 00:01:39.404;16.0;2.0;36.187;44.304;18.913;HARD;15.0;True;Williams;11.0
857; 01:59:44.577;SAR;2; 00:01:39.216;17.0;2.0;36.019;44.312;18.885;HARD;16.0;True;Williams;11.0
858; 02:01:24.886;SAR;2; 00:01:40.309;18.0;2.0;36.778;44.529;19.002;HARD;17.0;True;Williams;12.0
859; 02:03:04.423;SAR;2; 00:01:39.537;19.0;2.0;36.269;44.285;18.983;HARD;18.0;True;Williams;12.0
860; 02:04:43.391;SAR;2; 00:01:38.968;20.0;2.0;35.84;44.315;18.813;HARD;19.0;True;Williams;12.0
861; 02:06:23.003;SAR;2; 00:01:39.612;21.0;2.0;36.089;44.653;18.87;HARD;20.0;True;Williams;12.0
862; 02:08:04.992;SAR;2; 00:01:41.989;22.0;2.0;35.981;44.492;21.516;HARD;21.0;True;Williams;12.0
863; 02:10:06.835;SAR;2; 00:02:01.843;23.0;3.0;59.193;43.806;18.844;HARD;1.0;True;Williams;16.0
864; 02:11:44.929;SAR;2; 00:01:38.094;24.0;3.0;35.154;43.871;19.069;HARD;2.0;True;Williams;16.0
865; 02:13:23.359;SAR;2; 00:01:38.430;25.0;3.0;35.477;43.867;19.086;HARD;3.0;True;Williams;16.0
866; 02:15:01.844;SAR;2; 00:01:38.485;26.0;3.0;36.002;43.594;18.889;HARD;4.0;True;Williams;16.0
867; 02:16:38.434;SAR;2; 00:01:36.590;27.0;3.0;34.705;43.223;18.662;HARD;5.0;True;Williams;15.0
868; 02:18:15.863;SAR;2; 00:01:37.429;28.0;3.0;35.237;43.45;18.742;HARD;6.0;True;Williams;15.0
869; 02:19:53.542;SAR;2; 00:01:37.679;29.0;3.0;35.398;43.48;18.801;HARD;7.0;True;Williams;15.0
870; 02:21:31.053;SAR;2; 00:01:37.511;30.0;3.0;35.392;43.379;18.74;HARD;8.0;True;Williams;15.0
871; 02:23:08.548;SAR;2; 00:01:37.495;31.0;3.0;35.395;43.345;18.755;HARD;9.0;True;Williams;15.0
872; 02:24:46.309;SAR;2; 00:01:37.761;32.0;3.0;35.405;43.568;18.788;HARD;10.0;True;Williams;15.0
873; 02:26:24.475;SAR;2; 00:01:38.166;33.0;3.0;35.552;43.742;18.872;HARD;11.0;True;Williams;15.0
874; 02:28:04.867;SAR;2; 00:01:40.392;34.0;3.0;35.473;43.909;21.01;HARD;12.0;True;Williams;14.0
875; 02:30:01.048;SAR;2; 00:01:56.181;35.0;4.0;55.541;42.269;18.371;MEDIUM;1.0;True;Williams;15.0
876; 02:31:36.545;SAR;2; 00:01:35.497;36.0;4.0;34.28;42.681;18.536;MEDIUM;2.0;True;Williams;15.0
877; 02:33:12.648;SAR;2; 00:01:36.103;37.0;4.0;34.776;42.808;18.519;MEDIUM;3.0;True;Williams;15.0
878; 02:34:48.797;SAR;2; 00:01:36.149;38.0;4.0;34.663;42.897;18.589;MEDIUM;4.0;True;Williams;15.0
879; 02:36:25.047;SAR;2; 00:01:36.250;39.0;4.0;34.824;42.88;18.546;MEDIUM;5.0;True;Williams;15.0
880; 02:38:01.329;SAR;2; 00:01:36.282;40.0;4.0;34.792;43.001;18.489;MEDIUM;6.0;True;Williams;15.0
881; 02:40:25.111;SAR;2; 00:02:23.782;41.0;4.0;34.81;86.327;22.645;MEDIUM;7.0;True;Williams;17.0
882; 02:42:20.282;SAR;2; 00:01:55.171;42.0;5.0;54.541;42.14;18.49;SOFT;1.0;True;Williams;17.0
883; 02:43:55.182;SAR;2; 00:01:34.900;43.0;5.0;34.268;42.201;18.431;SOFT;2.0;True;Williams;17.0
884; 02:45:30.269;SAR;2; 00:01:35.087;44.0;5.0;34.258;42.339;18.49;SOFT;3.0;True;Williams;17.0
885; 02:47:05.619;SAR;2; 00:01:35.350;45.0;5.0;34.427;42.489;18.434;SOFT;4.0;True;Williams;17.0
886; 02:48:41.397;SAR;2; 00:01:35.778;46.0;5.0;34.664;42.607;18.507;SOFT;5.0;True;Williams;17.0
887; 02:50:17.098;SAR;2; 00:01:35.701;47.0;5.0;34.592;42.569;18.54;SOFT;6.0;True;Williams;17.0
888; 02:51:52.935;SAR;2; 00:01:35.837;48.0;5.0;34.679;42.754;18.404;SOFT;7.0;True;Williams;17.0
889; 02:53:28.554;SAR;2; 00:01:35.619;49.0;5.0;34.393;42.789;18.437;SOFT;8.0;True;Williams;17.0
890; 02:55:04.044;SAR;2; 00:01:35.490;50.0;5.0;34.275;42.751;18.464;SOFT;9.0;True;Williams;17.0
891; 02:56:39.277;SAR;2; 00:01:35.233;51.0;5.0;34.224;42.566;18.443;SOFT;10.0;True;Williams;17.0
892; 02:58:16.992;SAR;2; 00:01:37.715;52.0;5.0;34.322;44.842;18.551;SOFT;11.0;True;Williams;17.0
893; 01:05:55.918;ZHO;24; 00:03:15.118;1.0;1.0;65121;90.308;62.545;MEDIUM;1.0;True;Kick Sauber;20.0
894; 01:34:15.332;ZHO;24; 00:02:09.289;2.0;2.0;65121;46.496;39.651;SOFT;1.0;True;Kick Sauber;17.0
895; 01:36:24.621;ZHO;24; 00:02:09.289;3.0;2.0;65.121;44.909;19.259;SOFT;2.0;True;Kick Sauber;16.0
896; 01:38:04.849;ZHO;24; 00:01:40.228;4.0;2.0;36.656;44.602;18.97;SOFT;3.0;True;Kick Sauber;16.0
897; 01:39:44.446;ZHO;24; 00:01:39.597;5.0;2.0;36.238;44.522;18.837;SOFT;4.0;True;Kick Sauber;16.0
898; 01:41:24.437;ZHO;24; 00:01:39.991;6.0;2.0;36.364;44.705;18.922;SOFT;5.0;True;Kick Sauber;16.0
899; 01:43:07.311;ZHO;24; 00:01:42.874;7.0;2.0;36.61;44.661;21.603;SOFT;6.0;True;Kick Sauber;16.0
900; 01:45:05.713;ZHO;24; 00:01:58.402;8.0;3.0;56.403;43.265;18.734;HARD;1.0;True;Kick Sauber;18.0
901; 01:46:42.873;ZHO;24; 00:01:37.160;9.0;3.0;35.194;43.257;18.709;HARD;2.0;True;Kick Sauber;18.0
902; 01:48:20.373;ZHO;24; 00:01:37.500;10.0;3.0;35.186;43.455;18.859;HARD;3.0;True;Kick Sauber;18.0
903; 01:50:01.490;ZHO;24; 00:01:41.117;11.0;3.0;35.334;43.688;22.095;HARD;4.0;True;Kick Sauber;18.0
904; 01:52:09.683;ZHO;24; 00:02:08.193;12.0;4.0;59.412;46.811;21.97;HARD;5.0;False;Kick Sauber;18.0
905; 01:04:51.506;RIC;3;0;1.0;1.0;0;0;0;MEDIUM;1.0;True;RB;0
906; 01:04:51.506;ALB;23;0;1.0;1.0;0;0;0;SOFT;1.0;True;Williams;0
